sellerRating,ClosePrice,OpenPrice,Category_BICH,Category_BooksClothing,Category_Coins/Stamps,Category_Collectibles,Category_Electronics,Category_EverythingElse,Category_Health/Beauty,Category_Jewelry,Category_Music/Movie/Game,Category_Photography,Category_SportingGoods,Category_Toys/Hobbies,currency_GBP,currency_US,Duration_3,Duration_5,Duration_7,Duration_10,endDay_SWF,endDay_Sat,endDay_Thu,endDay_Tue
578,4.93,2.45,0,0,0,1,0,0,0,0,0,0,0,0,0,0,0,0,0,1,0,0,0,0
2349,5.61,3.6,0,0,0,1,0,0,0,0,0,0,0,0,0,1,0,0,1,0,1,0,0,0
884,2.45,2.45,0,0,0,1,0,0,0,0,0,0,0,0,0,0,0,0,0,1,0,0,0,0
2349,5.5,3.6,0,0,0,1,0,0,0,0,0,0,0,0,0,1,0,0,1,0,1,0,0,0
104,3.07,1.23,0,0,0,0,0,0,0,0,1,0,0,0,0,0,0,0,1,0,0,0,0,0
2349,3.6,3.6,0,0,0,1,0,0,0,0,0,0,0,0,0,1,0,0,1,0,1,0,0,0
10067,37.95,37.95,0,0,0,0,0,0,0,0,0,0,0,0,0,1,1,0,0,0,1,0,0,0
3385,2.99,2.99,0,0,0,1,0,0,0,0,0,0,0,0,0,1,0,0,1,0,0,1,0,0
4390,6.49,6.49,0,0,0,1,0,0,0,0,0,0,0,0,0,1,0,0,1,0,0,0,0,0
2944,7.0,7.0,0,0,0,0,0,0,0,0,0,0,0,1,0,1,0,0,1,0,0,0,0,1
4390,6.99,6.99,0,0,0,1,0,0,0,0,0,0,0,0,0,1,0,0,1,0,0,0,0,0
2349,8.0,3.6,0,0,0,1,0,0,0,0,0,0,0,0,0,1,0,0,1,0,1,0,0,0
5052,30.85,11.07,0,0,0,0,0,0,0,0,1,0,0,0,0,0,0,0,0,1,1,0,0,0
104,1.23,1.23,0,1,0,0,0,0,0,0,0,0,0,0,0,0,0,0,1,0,0,0,0,0
2992,93.0,82.95,0,0,0,0,0,0,0,0,0,0,0,0,0,1,0,1,0,0,1,0,0,0
141,6.14,6.14,0,1,0,0,0,0,0,0,0,0,0,0,0,0,0,0,1,0,0,0,1,0
1329,30.62,6.03,1,0,0,0,0,0,0,0,0,0,0,0,0,0,0,0,0,1,1,0,0,0
442,27.4,1.23,0,0,0,1,0,0,0,0,0,0,0,0,0,0,0,0,1,0,1,0,0,0
133,9.99,9.99,0,0,0,0,0,0,0,0,1,0,0,0,0,1,0,1,0,0,1,0,0,0
5701,23.37,11.07,0,0,0,0,0,0,0,0,0,0,1,0,0,0,0,0,0,1,0,0,0,0
790,31.0,19.99,0,0,0,0,0,0,0,1,0,0,0,0,0,1,0,1,0,0,0,0,0,0
5257,16.99,16.99,0,0,0,1,0,0,0,0,0,0,0,0,0,1,1,0,0,0,1,0,0,0
1400,549.0,549.0,0,0,0,0,0,0,0,0,0,0,0,0,0,1,0,1,0,0,0,0,0,0
626,9.99,9.99,0,0,0,1,0,0,0,0,0,0,0,0,0,1,1,0,0,0,1,0,0,0
3613,3.99,3.99,1,0,0,0,0,0,0,0,0,0,0,0,0,1,0,0,1,0,1,0,0,0
25433,3.99,3.99,0,0,0,0,0,0,0,1,0,0,0,0,0,1,0,0,1,0,0,0,0,0
199,19.98,2.45,1,0,0,0,0,0,0,0,0,0,0,0,0,0,0,0,1,0,1,0,0,0
2711,11.5,0.99,1,0,0,0,0,0,0,0,0,0,0,0,0,1,0,1,0,0,0,1,0,0
1853,6.15,6.15,0,0,0,0,0,0,0,0,1,0,0,0,0,0,0,0,0,1,0,0,0,1
2349,4.12,3.6,0,0,0,1,0,0,0,0,0,0,0,0,0,1,0,0,1,0,0,0,0,0
53,4.64,1.77,1,0,0,0,0,0,0,0,0,0,0,0,1,0,0,0,1,0,0,0,1,0
205,12.91,2.45,0,0,0,0,0,0,0,0,1,0,0,0,0,0,0,0,1,0,1,0,0,0
957,87.67,9.99,0,0,0,1,0,0,0,0,0,0,0,0,0,1,1,0,0,0,0,1,0,0
164,75.01,12.17,0,1,0,0,0,0,0,0,0,0,0,0,0,0,0,1,0,0,0,0,0,0
141,6.14,6.14,0,1,0,0,0,0,0,0,0,0,0,0,0,0,0,0,1,0,0,0,1,0
2349,56.03,3.6,0,0,0,1,0,0,0,0,0,0,0,0,0,1,0,0,1,0,0,0,0,0
27132,215.5,0.99,0,0,0,0,0,0,0,0,0,0,1,0,0,1,0,1,0,0,0,0,0,0
3249,0.11,0.01,0,0,0,0,0,0,0,0,1,0,0,0,0,1,0,1,0,0,0,0,0,0
5701,48.59,11.07,1,0,0,0,0,0,0,0,0,0,0,0,0,0,0,0,0,1,1,0,0,0
3613,7.99,7.99,0,0,0,1,0,0,0,0,0,0,0,0,0,1,0,0,1,0,1,0,0,0
988,27.78,6.75,0,0,0,1,0,0,0,0,0,0,0,0,0,1,0,0,1,0,0,0,0,0
6,276.69,30.74,1,0,0,0,0,0,0,0,0,0,0,0,0,0,0,0,1,0,0,0,0,0
2991,6.6,0.54,0,0,0,0,0,0,0,0,1,0,0,0,1,0,0,0,1,0,0,0,1,0
2349,19.5,3.6,0,0,0,1,0,0,0,0,0,0,0,0,0,1,0,0,1,0,0,0,0,0
1155,8.99,8.99,0,0,0,0,0,0,1,0,0,0,0,0,0,1,0,0,1,0,0,0,0,0
25433,15.45,14.95,0,0,0,0,0,0,0,0,0,0,0,1,0,1,0,0,1,0,1,0,0,0
3380,1.77,1.77,0,0,1,0,0,0,0,0,0,0,0,0,1,0,0,0,1,0,0,0,1,0
3380,1.77,1.77,0,0,1,0,0,0,0,0,0,0,0,0,1,0,0,0,1,0,0,0,1,0
387,36.0,5.0,0,0,0,1,0,0,0,0,0,0,0,0,0,1,0,0,1,0,0,1,0,0
3613,3.99,3.99,0,1,0,0,0,0,0,0,0,0,0,0,0,1,0,0,1,0,1,0,0,0
2638,1.23,1.23,0,0,0,0,0,0,0,0,1,0,0,0,0,0,0,0,0,1,0,0,0,1
5564,27.0,27.0,0,0,1,0,0,0,0,0,0,0,0,0,0,1,0,0,1,0,1,0,0,0
157,12.91,11.07,1,0,0,0,0,0,0,0,0,0,0,0,0,0,0,0,1,0,1,0,0,0
508,19.8,1.23,0,0,0,0,0,0,0,0,0,0,0,1,0,0,0,0,1,0,1,0,0,0
183,6.15,6.15,0,0,0,0,0,0,0,0,0,0,0,1,0,0,0,1,0,0,0,1,0,0
3385,2.75,2.75,0,0,0,0,0,0,0,0,0,0,0,1,0,1,0,0,1,0,0,1,0,0
3249,1.37,0.01,0,0,0,0,0,0,0,0,1,0,0,0,0,1,0,1,0,0,0,0,0,0
286,33.82,1.23,0,0,0,0,0,0,0,0,1,0,0,0,0,0,0,1,0,0,0,1,0,0
841,6.01,0.99,0,0,0,0,0,0,0,0,1,0,0,0,0,1,0,1,0,0,0,0,0,0
3249,6.01,0.01,0,0,0,0,0,0,0,0,1,0,0,0,0,1,0,1,0,0,0,0,0,0
1155,7.99,7.99,0,0,0,0,0,0,1,0,0,0,0,0,0,1,0,0,1,0,0,1,0,0
537,13.72,10.95,0,0,0,1,0,0,0,0,0,0,0,0,0,0,0,0,0,1,0,0,1,0
4398,5.25,5.25,0,0,0,1,0,0,0,0,0,0,0,0,0,1,1,0,0,0,0,1,0,0
945,3.49,3.49,0,0,0,1,0,0,0,0,0,0,0,0,0,1,0,0,1,0,1,0,0,0
27132,155.99,0.99,0,0,0,0,0,0,0,0,0,0,1,0,0,1,0,1,0,0,0,0,0,0
3385,2.75,2.75,0,0,0,0,0,0,0,0,0,0,0,1,0,1,0,0,1,0,0,1,0,0
3385,6.5,2.99,0,0,0,1,0,0,0,0,0,0,0,0,0,1,0,0,1,0,0,1,0,0
2992,59.95,59.95,0,0,0,0,0,0,0,0,0,0,0,0,0,1,1,0,0,0,1,0,0,0
164,36.77,12.17,0,1,0,0,0,0,0,0,0,0,0,0,0,0,0,0,1,0,0,0,0,1
5701,1.23,1.23,0,0,0,0,0,0,0,0,1,0,0,0,0,0,0,0,0,1,1,0,0,0
841,5.5,0.99,0,0,0,0,0,0,0,0,1,0,0,0,0,1,0,1,0,0,0,0,0,0
3249,3.8,0.01,0,0,0,0,0,0,0,0,1,0,0,0,0,1,0,1,0,0,0,0,0,0
534,14.95,14.95,0,0,0,0,0,0,0,0,0,0,0,1,0,1,0,0,1,0,1,0,0,0
2993,19.99,19.99,0,0,0,0,0,0,0,0,1,0,0,0,0,1,0,0,1,0,1,0,0,0
53,17.4,3.55,1,0,0,0,0,0,0,0,0,0,0,0,1,0,0,0,1,0,0,0,1,0
315,3.68,3.68,0,1,0,0,0,0,0,0,0,0,0,0,0,0,0,0,1,0,0,1,0,0
1634,6.14,6.14,0,0,0,0,0,0,0,0,1,0,0,0,0,0,0,0,0,1,0,0,0,0
164,44.15,12.18,0,1,0,0,0,0,0,0,0,0,0,0,0,0,0,0,1,0,0,0,0,1
534,23.86,19.95,0,0,0,0,0,0,0,0,0,0,0,1,0,1,0,0,1,0,1,0,0,0
1180,14.28,3.57,0,0,0,0,0,0,0,1,0,0,0,0,1,0,0,0,1,0,0,0,1,0
31,34.0,0.99,0,0,0,0,0,0,0,0,0,0,1,0,0,1,0,0,1,0,0,0,0,0
27132,128.86,0.99,0,0,0,0,0,0,0,0,0,0,1,0,0,1,0,1,0,0,0,0,0,0
670,9.83,1.77,1,0,0,0,0,0,0,0,0,0,0,0,1,0,0,0,1,0,0,0,1,0
1301,5.6,1.23,0,0,0,0,0,0,0,0,1,0,0,0,0,0,0,0,1,0,1,0,0,0
1405,22.14,2.45,1,0,0,0,0,0,0,0,0,0,0,0,0,0,0,0,0,1,0,0,0,0
2696,5.0,5.0,0,0,0,1,0,0,0,0,0,0,0,0,0,1,0,0,1,0,0,0,0,0
27132,122.51,0.99,0,0,0,0,0,0,0,0,0,0,1,0,0,1,0,1,0,0,0,0,0,0
686,6.5,6.5,0,0,0,0,0,0,0,0,1,0,0,0,0,1,0,0,1,0,0,1,0,0
25433,4.95,4.95,0,0,0,0,0,0,0,1,0,0,0,0,0,1,0,0,1,0,0,0,0,0
105,5.71,4.44,0,0,0,0,0,0,0,0,1,0,0,0,1,0,0,0,1,0,0,0,1,0
3306,14.99,14.99,0,0,0,0,0,0,0,0,1,0,0,0,0,1,0,0,1,0,1,0,0,0
993,99.99,99.99,0,0,0,0,0,0,0,0,0,0,0,0,0,1,0,0,1,0,0,1,0,0
3613,7.99,7.99,1,0,0,0,0,0,0,0,0,0,0,0,0,1,0,0,1,0,1,0,0,0
1364,128.0,128.0,0,0,0,0,0,0,0,0,0,0,0,0,0,1,0,0,1,0,0,0,0,1
3613,6.99,6.99,0,1,0,0,0,0,0,0,0,0,0,0,0,1,0,0,1,0,1,0,0,0
1301,1.23,1.23,0,0,0,0,0,0,0,0,1,0,0,0,0,0,0,1,0,0,1,0,0,0
70,2.45,2.45,0,0,0,0,0,0,1,0,0,0,0,0,0,0,0,0,1,0,0,0,0,0
181,21.08,3.99,0,0,0,1,0,0,0,0,0,0,0,0,0,1,0,1,0,0,0,0,0,0
765,6.15,6.15,0,0,0,0,0,0,0,0,0,0,0,1,0,0,0,0,0,1,0,1,0,0
266,78.32,1.23,0,0,0,1,0,0,0,0,0,0,0,0,0,0,1,0,0,0,0,1,0,0
9003,3.89,3.89,0,0,0,0,0,0,0,0,0,0,0,1,0,1,0,1,0,0,0,1,0,0
320,120.99,9.99,1,0,0,0,0,0,0,0,0,0,0,0,0,1,1,0,0,0,0,1,0,0
27132,117.5,0.99,0,0,0,0,0,0,0,0,0,0,1,0,0,1,0,1,0,0,0,0,0,0
53,5.35,1.77,1,0,0,0,0,0,0,0,0,0,0,0,1,0,0,0,1,0,0,0,1,0
3249,3.06,0.01,0,0,0,0,0,0,0,0,1,0,0,0,0,1,0,1,0,0,0,0,0,0
9003,11.51,9.99,0,0,0,0,0,0,0,1,0,0,0,0,0,1,0,0,1,0,1,0,0,0
1545,7.43,2.45,0,0,0,1,0,0,0,0,0,0,0,0,0,0,0,0,0,1,0,0,0,0
205,2.45,2.45,0,0,0,0,0,0,0,0,1,0,0,0,0,0,0,0,1,0,1,0,0,0
3613,8.99,8.99,1,0,0,0,0,0,0,0,0,0,0,0,0,1,0,0,1,0,1,0,0,0
2046,7.5,7.5,0,0,0,1,0,0,0,0,0,0,0,0,0,1,0,1,0,0,1,0,0,0
3385,2.75,2.75,0,0,0,0,0,0,0,0,0,0,0,1,0,1,0,0,1,0,0,1,0,0
686,6.5,6.5,0,0,0,0,0,0,0,0,1,0,0,0,0,1,0,0,1,0,0,1,0,0
3277,5.6,3.5,0,0,0,0,0,0,0,0,0,0,0,1,0,1,1,0,0,0,1,0,0,0
2695,0.99,0.99,0,0,0,1,0,0,0,0,0,0,0,0,0,1,0,0,1,0,0,1,0,0
3375,1.23,1.23,1,0,0,0,0,0,0,0,0,0,0,0,0,0,0,0,0,1,0,0,1,0
2358,42.77,9.99,0,0,0,0,1,0,0,0,0,0,0,0,0,1,0,1,0,0,0,0,0,0
2163,1.84,1.23,0,1,0,0,0,0,0,0,0,0,0,0,0,0,0,0,0,1,0,0,0,1
634,18.49,18.49,0,0,0,0,0,0,0,0,0,0,0,1,0,1,0,0,0,0,1,0,0,0
1545,7.13,2.45,0,0,0,1,0,0,0,0,0,0,0,0,0,0,0,0,0,1,0,0,0,1
25433,8.5,8.5,0,0,0,1,0,0,0,0,0,0,0,0,0,1,1,0,0,0,0,1,0,0
5701,2.45,2.45,0,0,0,0,1,0,0,0,0,0,0,0,0,0,0,0,0,1,1,0,0,0
352,11.95,11.95,0,0,0,0,0,0,0,0,0,0,0,0,0,1,1,0,0,0,0,1,0,0
54,1.23,1.23,1,0,0,0,0,0,0,0,0,0,0,0,0,0,0,0,0,1,0,0,0,1
1853,1.23,1.23,0,0,0,1,0,0,0,0,0,0,0,0,0,0,0,0,0,1,0,0,0,1
3249,1.25,0.01,0,0,0,0,0,0,0,0,1,0,0,0,0,1,0,1,0,0,0,0,0,0
3249,4.31,0.01,0,0,0,0,0,0,0,0,1,0,0,0,0,1,0,1,0,0,0,0,0,0
478,12.97,2.45,0,0,0,0,0,0,0,0,0,0,1,0,0,0,0,0,1,0,0,1,0,0
1029,1.25,1.25,0,0,0,0,0,0,0,0,1,0,0,0,1,0,0,0,1,0,0,0,1,0
4398,24.99,24.99,1,0,0,0,0,0,0,0,0,0,0,0,0,1,1,0,0,0,1,0,0,0
2168,11.67,11.06,0,0,0,0,0,0,0,1,0,0,0,0,0,0,0,0,1,0,0,1,0,0
3385,11.95,11.95,0,0,0,1,0,0,0,0,0,0,0,0,0,1,0,0,1,0,0,1,0,0
1905,14.13,6.15,0,0,0,0,0,0,0,0,0,0,1,0,0,0,0,0,0,1,0,0,0,1
1155,6.99,6.99,0,0,0,0,0,0,1,0,0,0,0,0,0,1,0,0,1,0,1,0,0,0
4390,5.75,5.75,0,0,0,1,0,0,0,0,0,0,0,0,0,1,0,0,1,0,0,0,0,0
3385,1.99,1.99,0,0,0,0,0,0,0,0,0,0,0,1,0,1,0,0,1,0,0,1,0,0
2433,22.5,22.0,0,0,0,0,0,0,0,0,0,0,0,0,0,1,1,0,0,0,1,0,0,0
133,8.99,8.99,0,0,0,0,0,0,0,0,1,0,0,0,0,1,0,1,0,0,1,0,0,0
1139,11.01,11.01,0,0,0,0,0,0,0,1,0,0,0,0,0,0,0,1,0,0,1,0,0,0
578,2.45,2.45,0,0,0,1,0,0,0,0,0,0,0,0,0,0,0,0,0,1,0,0,0,0
2427,33.95,33.95,0,0,0,0,0,0,0,0,0,0,0,0,0,1,1,0,0,0,0,1,0,0
534,49.99,49.99,0,0,0,0,0,0,0,0,0,0,0,1,0,1,0,0,1,0,1,0,0,0
79,15.15,1.77,0,0,0,0,0,0,0,0,0,0,1,0,1,0,0,0,1,0,0,0,1,0
3249,3.3,0.01,0,0,0,0,0,0,0,0,1,0,0,0,0,1,0,1,0,0,0,0,0,0
2191,50.0,50.0,0,1,0,0,0,0,0,0,0,0,0,0,0,1,0,0,1,0,0,0,0,1
1365,18.38,6.09,0,1,0,0,0,0,0,0,0,0,0,0,0,0,0,0,0,1,0,0,0,1
1364,117.0,117.0,0,0,0,0,0,0,0,0,0,0,0,0,0,1,0,0,1,0,0,0,0,1
27132,66.65,0.99,0,0,0,0,0,0,0,0,0,0,1,0,0,1,0,1,0,0,0,0,0,0
2349,15.5,3.6,0,0,0,1,0,0,0,0,0,0,0,0,0,1,0,0,1,0,1,0,0,0
2991,1.77,1.77,0,1,0,0,0,0,0,0,0,0,0,0,1,0,0,0,1,0,0,0,1,0
205,4.3,2.44,0,0,0,0,0,0,0,0,1,0,0,0,0,0,0,0,1,0,1,0,0,0
1405,7.99,7.99,0,0,0,0,0,0,1,0,0,0,0,0,0,1,1,0,0,0,0,1,0,0
5701,2.45,2.45,0,0,0,0,1,0,0,0,0,0,0,0,0,0,0,0,0,1,0,0,0,0
5701,11.07,11.07,0,0,0,0,0,0,0,0,0,0,1,0,0,0,0,0,0,1,0,0,0,1
2427,33.95,33.95,0,0,0,0,0,0,0,0,0,0,0,0,0,1,1,0,0,0,1,0,0,0
10067,15.0,15.0,0,0,0,0,0,0,0,0,0,0,0,0,0,1,1,0,0,0,0,1,0,0
2168,29.45,4.86,0,0,0,0,0,0,0,1,0,0,0,0,0,0,0,0,1,0,1,0,0,0
70,2.45,2.45,0,0,0,0,0,0,1,0,0,0,0,0,0,0,0,0,1,0,1,0,0,0
3249,3.76,0.01,0,0,0,0,0,0,0,0,1,0,0,0,0,1,0,1,0,0,0,0,0,0
53,5.71,1.77,1,0,0,0,0,0,0,0,0,0,0,0,1,0,0,0,1,0,0,0,1,0
1779,24.99,24.99,0,0,0,1,0,0,0,0,0,0,0,0,0,1,0,0,0,0,1,0,0,0
27132,51.0,0.99,0,0,0,0,0,0,0,0,0,0,1,0,0,1,0,1,0,0,0,0,0,0
1155,15.5,7.99,0,0,0,0,0,0,1,0,0,0,0,0,0,1,0,0,1,0,0,0,0,0
27132,64.33,0.99,0,0,0,0,0,0,0,0,0,0,1,0,0,1,0,1,0,0,0,0,0,0
3249,11.55,0.01,0,0,0,0,0,0,0,0,1,0,0,0,0,1,0,1,0,0,0,0,0,0
3249,6.5,0.01,0,0,0,0,0,0,0,0,1,0,0,0,0,1,0,1,0,0,0,0,0,0
3249,0.01,0.01,0,0,0,0,0,0,0,0,1,0,0,0,0,1,0,1,0,0,0,0,0,0
814,9.99,9.99,0,0,0,0,0,1,0,0,0,0,0,0,0,1,0,0,1,0,0,0,0,0
3090,5.58,2.45,0,0,0,0,0,0,0,0,0,0,0,1,0,0,0,0,0,1,0,0,0,1
686,11.67,6.5,0,0,0,0,0,0,0,0,1,0,0,0,0,1,0,0,1,0,0,1,0,0
3249,0.01,0.01,0,0,0,0,0,0,0,0,1,0,0,0,0,1,0,1,0,0,0,0,0,0
27132,34.12,0.99,0,0,0,0,0,0,0,0,0,0,1,0,0,1,0,1,0,0,0,0,0,0
3277,33.56,9.0,0,0,0,0,0,0,0,0,1,0,0,0,0,1,1,0,0,0,1,0,0,0
2349,4.24,3.6,0,0,0,1,0,0,0,0,0,0,0,0,0,1,0,0,1,0,0,0,0,0
1179,49.79,1.23,0,0,0,1,0,0,0,0,0,0,0,0,0,0,0,0,1,0,1,0,0,0
326,5.0,5.0,1,0,0,0,0,0,0,0,0,0,0,0,0,1,0,1,0,0,0,0,0,0
3277,8.01,3.0,0,0,0,0,0,0,0,0,0,0,0,1,0,1,1,0,0,0,1,0,0,0
22501,7.0,7.0,0,0,0,0,0,0,0,0,0,0,0,1,0,1,0,1,0,0,0,0,0,0
2286,9.95,9.95,0,0,0,0,0,0,0,0,1,0,0,0,0,1,0,0,1,0,0,0,0,0
3249,3.25,0.01,0,0,0,0,0,0,0,0,1,0,0,0,0,1,0,1,0,0,0,0,0,0
53,3.39,1.77,1,0,0,0,0,0,0,0,0,0,0,0,1,0,0,0,1,0,0,0,1,0
2944,7.5,7.5,0,0,0,0,0,0,0,0,0,0,0,0,0,1,0,0,1,0,0,0,0,1
25433,15.45,14.95,0,0,0,0,0,0,0,1,0,0,0,0,0,1,0,0,1,0,1,0,0,0
2349,3.85,3.6,0,0,0,1,0,0,0,0,0,0,0,0,0,1,0,0,1,0,0,1,0,0
25433,8.99,8.99,0,0,0,0,0,0,0,1,0,0,0,0,0,1,0,0,1,0,0,0,0,1
5350,2.45,2.45,1,0,0,0,0,0,0,0,0,0,0,0,0,0,0,0,1,0,0,0,0,0
27132,123.5,0.99,0,0,0,0,0,0,0,0,0,0,1,0,0,1,0,1,0,0,0,0,0,0
1155,8.5,7.99,0,0,0,0,0,0,1,0,0,0,0,0,0,1,0,0,1,0,0,0,0,0
146,89.95,89.95,0,0,0,0,0,0,0,0,0,0,0,0,0,1,0,1,0,0,0,0,0,0
3249,9.39,0.01,0,0,0,0,0,0,0,0,1,0,0,0,0,1,0,1,0,0,0,0,0,0
1222,43.78,30.0,0,0,0,0,0,0,0,0,0,0,0,1,0,1,0,1,0,0,0,0,0,0
2695,2.0,2.0,0,0,0,1,0,0,0,0,0,0,0,0,0,1,0,0,1,0,0,1,0,0
18,7.14,7.14,0,0,0,1,0,0,0,0,0,0,0,0,1,0,0,0,1,0,0,0,1,0
10067,49.99,49.99,0,0,0,0,0,0,0,0,0,0,0,0,0,1,1,0,0,0,1,0,0,0
686,6.5,6.5,0,0,0,0,0,0,0,0,1,0,0,0,0,1,0,0,1,0,0,1,0,0
534,19.95,19.95,0,0,0,0,0,0,0,0,0,0,0,1,0,1,0,0,1,0,1,0,0,0
22501,20.5,20.0,0,0,0,0,0,0,0,0,0,0,0,1,0,1,0,1,0,0,0,0,0,0
686,6.5,6.5,0,0,0,0,0,0,0,0,1,0,0,0,0,1,0,0,1,0,0,1,0,0
3385,43.0,9.99,0,0,0,0,0,0,0,0,0,0,0,1,0,1,0,0,1,0,0,1,0,0
1842,5.35,5.35,0,0,0,0,0,0,0,0,1,0,0,0,1,0,0,0,0,1,0,0,1,0
3249,18.5,0.01,0,0,0,0,0,0,0,0,1,0,0,0,0,1,0,1,0,0,0,0,0,0
1155,26.99,26.99,0,0,0,0,0,0,1,0,0,0,0,0,0,1,0,0,1,0,1,0,0,0
53,2.14,1.77,1,0,0,0,0,0,0,0,0,0,0,0,1,0,0,0,1,0,0,0,1,0
1351,44.28,1.23,0,1,0,0,0,0,0,0,0,0,0,0,0,0,0,1,0,0,1,0,0,0
205,4.37,2.45,0,0,0,0,0,0,0,0,1,0,0,0,0,0,0,0,1,0,1,0,0,0
793,0.99,0.99,0,0,0,0,0,0,0,0,0,0,0,0,0,1,1,0,0,0,0,1,0,0
454,26.0,0.99,1,0,0,0,0,0,0,0,0,0,0,0,0,1,1,0,0,0,0,1,0,0
137,51.17,1.23,0,0,0,0,1,0,0,0,0,0,0,0,0,0,0,0,0,1,1,0,0,0
865,1.23,1.23,0,1,0,0,0,0,0,0,0,0,0,0,0,0,0,0,0,1,1,0,0,0
3613,8.99,8.99,0,1,0,0,0,0,0,0,0,0,0,0,0,1,0,0,1,0,1,0,0,0
27132,227.5,0.99,0,0,0,0,0,0,0,0,0,0,1,0,0,1,0,1,0,0,0,0,0,0
8101,16.5,0.99,1,0,0,0,0,0,0,0,0,0,0,0,0,1,1,0,0,0,1,0,0,0
4790,0.99,0.99,1,0,0,0,0,0,0,0,0,0,0,0,0,1,0,0,1,0,0,0,0,1
5701,33.83,1.23,1,0,0,0,0,0,0,0,0,0,0,0,0,0,0,0,0,1,0,0,0,0
300,1.84,1.84,0,0,0,0,0,0,0,0,0,0,0,1,0,0,0,0,0,1,1,0,0,0
541,10.75,9.99,0,0,0,1,0,0,0,0,0,0,0,0,0,1,0,0,1,0,1,0,0,0
2992,121.5,119.0,0,0,0,0,0,0,0,0,0,0,0,0,0,1,1,0,0,0,1,0,0,0
52,491.0,9.99,0,0,0,1,0,0,0,0,0,0,0,0,0,1,0,0,1,0,0,0,0,0
526,9.24,1.23,0,0,0,0,0,0,0,0,0,0,0,0,0,0,0,0,0,1,1,0,0,0
10067,16.5,16.5,0,0,0,0,0,0,0,0,0,0,0,0,0,1,1,0,0,0,1,0,0,0
1266,18.25,18.25,0,0,0,0,0,0,0,0,0,0,1,0,0,1,0,1,0,0,1,0,0,0
62,66.0,9.99,0,0,0,0,0,0,0,0,0,0,1,0,0,1,0,1,0,0,0,0,0,0
3385,13.0,8.99,0,0,0,0,0,0,0,0,0,0,0,1,0,1,0,0,1,0,0,1,0,0
3004,49.99,49.99,0,0,0,0,0,0,0,0,1,0,0,0,0,1,0,0,1,0,1,0,0,0
83,12.29,12.29,0,0,0,0,0,0,1,0,0,0,0,0,0,0,0,0,0,1,1,0,0,0
22501,14.11,13.0,0,0,0,0,0,0,0,0,0,0,0,1,0,1,0,1,0,0,0,0,0,0
1553,2.46,1.83,0,0,0,1,0,0,0,0,0,0,0,0,0,0,0,0,0,1,0,0,0,1
1162,177.5,9.99,1,0,0,0,0,0,0,0,0,0,0,0,0,1,0,1,0,0,0,0,0,0
3162,466.0,1.0,0,0,0,0,0,0,0,0,0,0,1,0,0,1,0,1,0,0,0,0,0,0
337,5.5,3.99,0,0,0,1,0,0,0,0,0,0,0,0,0,1,0,0,1,0,1,0,0,0
3115,0.01,0.01,0,0,0,0,0,0,0,0,0,0,0,0,0,1,0,0,1,0,0,0,0,1
1135,73.52,0.99,0,0,0,1,0,0,0,0,0,0,0,0,0,1,0,0,0,1,1,0,0,0
1545,3.07,2.44,0,0,0,1,0,0,0,0,0,0,0,0,0,0,0,0,0,1,0,0,0,0
993,99.99,99.99,0,0,0,0,0,0,0,0,0,0,0,0,0,1,0,0,1,0,0,1,0,0
664,20.0,20.0,0,0,0,1,0,0,0,0,0,0,0,0,0,1,1,0,0,0,0,1,0,0
2944,24.99,24.99,0,0,0,1,0,0,0,0,0,0,0,0,0,1,0,0,1,0,0,0,0,1
164,36.77,12.17,0,1,0,0,0,0,0,0,0,0,0,0,0,0,0,0,1,0,0,0,0,1
5257,10.99,10.99,0,0,0,1,0,0,0,0,0,0,0,0,0,1,1,0,0,0,0,1,0,0
858,1.23,1.23,0,0,0,0,0,0,0,0,1,0,0,0,0,0,0,0,1,0,0,0,0,0
2163,1.23,1.23,0,0,0,1,0,0,0,0,0,0,0,0,0,0,0,0,0,1,1,0,0,0
686,6.5,6.5,0,0,0,0,0,0,0,0,1,0,0,0,0,1,0,0,1,0,0,1,0,0
3114,1.99,1.99,0,0,0,0,0,0,0,0,0,0,0,0,0,1,1,0,0,0,0,1,0,0
2168,15.93,3.63,0,0,0,0,0,0,0,1,0,0,0,0,0,0,0,0,1,0,1,0,0,0
678,18.45,6.15,0,0,0,0,0,0,1,0,0,0,0,0,0,0,0,1,0,0,0,0,0,0
3613,7.99,7.99,1,0,0,0,0,0,0,0,0,0,0,0,0,1,0,0,1,0,1,0,0,0
34,173.12,0.89,0,0,0,0,0,0,0,0,0,0,1,0,1,0,0,0,1,0,0,0,1,0
105,4.44,4.44,0,0,0,0,0,0,0,0,1,0,0,0,1,0,0,0,1,0,0,0,1,0
945,1.49,1.49,0,0,0,1,0,0,0,0,0,0,0,0,0,1,0,0,1,0,1,0,0,0
2349,18.29,3.6,0,0,0,1,0,0,0,0,0,0,0,0,0,1,0,0,1,0,1,0,0,0
510,2.5,2.5,0,0,0,1,0,0,0,0,0,0,0,0,0,1,1,0,0,0,1,0,0,0
4390,5.99,5.99,0,0,0,1,0,0,0,0,0,0,0,0,0,1,0,0,1,0,0,0,0,0
3227,6.99,6.99,0,0,0,0,0,0,0,0,1,0,0,0,0,1,0,0,1,0,1,0,0,0
1365,9.78,9.78,0,1,0,0,0,0,0,0,0,0,0,0,0,0,0,0,0,1,1,0,0,0
35,710.0,0.01,0,0,0,0,0,0,0,0,0,0,0,1,0,1,0,0,0,0,1,0,0,0
118,11.6,1.77,0,0,0,0,0,0,0,0,1,0,0,0,1,0,0,0,1,0,0,0,1,0
3249,0.01,0.01,0,0,0,0,0,0,0,0,1,0,0,0,0,1,0,1,0,0,0,0,0,0
1266,5.14,4.89,0,0,0,0,0,0,0,0,0,0,1,0,0,1,0,0,1,0,0,0,0,0
3057,3.75,1.23,0,0,0,0,0,0,0,0,1,0,0,0,0,0,0,0,0,1,0,0,0,0
354,615.0,0.99,1,0,0,0,0,0,0,0,0,0,0,0,0,1,0,1,0,0,1,0,0,0
10,197.99,1.23,0,0,0,0,1,0,0,0,0,0,0,0,0,0,0,0,0,1,0,1,0,0
2349,8.5,3.6,0,0,0,1,0,0,0,0,0,0,0,0,0,1,0,0,1,0,1,0,0,0
3249,0.01,0.01,0,0,0,0,0,0,0,0,1,0,0,0,0,1,0,1,0,0,0,0,0,0
3385,5.5,2.99,0,0,0,1,0,0,0,0,0,0,0,0,0,1,0,0,1,0,0,1,0,0
2382,2.45,2.45,1,0,0,0,0,0,0,0,0,0,0,0,0,0,0,0,0,1,1,0,0,0
4390,2.99,2.99,0,0,0,1,0,0,0,0,0,0,0,0,0,1,0,0,1,0,1,0,0,0
316,59.03,9.84,0,0,0,0,1,0,0,0,0,0,0,0,0,0,0,0,0,1,1,0,0,0
688,9.99,9.99,0,0,0,0,0,0,0,0,0,0,0,0,0,1,0,0,1,0,0,1,0,0
2349,3.6,3.6,0,0,0,1,0,0,0,0,0,0,0,0,0,1,0,0,1,0,0,0,0,0
2349,7.0,3.6,0,0,0,1,0,0,0,0,0,0,0,0,0,1,0,0,1,0,0,0,0,0
41,3.69,1.23,0,1,0,0,0,0,0,0,0,0,0,0,0,0,0,0,0,1,1,0,0,0
10067,8.5,8.5,0,0,0,0,0,0,0,0,0,0,0,0,0,1,1,0,0,0,1,0,0,0
5564,36.0,36.0,0,0,1,0,0,0,0,0,0,0,0,0,0,1,0,1,0,0,0,0,0,0
1197,52.26,1.23,0,0,0,0,0,0,0,0,0,0,0,1,0,0,0,0,0,1,0,0,1,0
404,22.49,17.83,1,0,0,0,0,0,0,0,0,0,0,0,1,0,0,1,0,0,0,0,1,0
2349,66.0,3.6,0,0,0,1,0,0,0,0,0,0,0,0,0,1,0,0,1,0,0,0,0,1
2992,89.95,89.95,0,0,0,0,0,0,0,0,0,0,0,0,0,1,1,0,0,0,1,0,0,0
1545,6.15,2.45,0,0,0,1,0,0,0,0,0,0,0,0,0,0,0,0,0,1,0,0,0,0
1853,6.15,6.15,0,0,0,0,0,0,0,0,1,0,0,0,0,0,0,0,1,0,1,0,0,0
920,7.59,1.23,0,0,0,1,0,0,0,0,0,0,0,0,0,0,1,0,0,0,1,0,0,0
53,4.28,1.77,1,0,0,0,0,0,0,0,0,0,0,0,1,0,0,0,1,0,0,0,1,0
3249,3.75,0.01,0,0,0,0,0,0,0,0,1,0,0,0,0,1,0,1,0,0,0,0,0,0
533,112.5,0.01,1,0,0,0,0,0,0,0,0,0,0,0,0,1,0,0,1,0,0,0,0,0
5450,9.99,9.99,0,1,0,0,0,0,0,0,0,0,0,0,0,1,0,0,1,0,1,0,0,0
3249,0.01,0.01,0,0,0,0,0,0,0,0,1,0,0,0,0,1,0,1,0,0,0,0,0,0
25433,14.95,14.95,0,0,0,0,0,0,0,1,0,0,0,0,0,1,0,0,1,0,1,0,0,0
2992,122.5,119.0,0,0,0,0,0,0,0,0,0,0,0,0,0,1,1,0,0,0,1,0,0,0
67,26.0,9.99,0,0,0,0,0,0,0,0,0,0,0,1,0,1,0,1,0,0,1,0,0,0
83,48.0,9.99,0,0,0,0,0,0,0,0,0,0,0,0,0,1,0,1,0,0,0,0,0,0
1215,5.99,5.99,0,0,0,0,0,0,0,0,1,0,0,0,0,1,0,1,0,0,0,0,0,0
59,19.0,9.99,0,0,0,0,0,1,0,0,0,0,0,0,0,1,1,0,0,0,0,1,0,0
170,9.22,1.23,0,0,0,1,0,0,0,0,0,0,0,0,0,0,0,0,1,0,1,0,0,0
671,61.0,44.95,0,0,0,0,0,0,0,0,0,0,0,0,0,1,0,1,0,0,1,0,0,0
595,40.58,1.23,0,1,0,0,0,0,0,0,0,0,0,0,0,0,0,0,1,0,0,0,0,0
3249,7.55,0.01,0,0,0,0,0,0,0,0,1,0,0,0,0,1,0,1,0,0,0,0,0,0
1155,8.99,8.99,0,0,0,0,0,0,1,0,0,0,0,0,0,1,0,0,1,0,0,0,0,0
10067,23.5,23.0,0,0,0,0,0,0,0,0,0,0,0,0,0,1,1,0,0,0,1,0,0,0
2349,13.01,3.6,0,0,0,1,0,0,0,0,0,0,0,0,0,1,0,0,1,0,1,0,0,0
526,7.99,1.23,0,0,0,0,0,0,0,0,0,0,0,0,0,0,0,0,0,1,0,1,0,0
5701,44.27,7.38,1,0,0,0,0,0,0,0,0,0,0,0,0,0,0,0,0,1,1,0,0,0
393,35.02,2.45,0,1,0,0,0,0,0,0,0,0,0,0,0,0,0,0,0,1,1,0,0,0
3385,2.8,1.99,0,0,0,0,0,0,0,0,0,0,0,1,0,1,0,0,1,0,0,1,0,0
5701,19.68,3.68,0,0,0,0,0,0,0,1,0,0,0,0,0,0,0,0,0,1,0,0,0,0
25433,4.95,4.95,0,0,0,0,0,0,0,1,0,0,0,0,0,1,0,0,1,0,0,0,0,0
2349,3.6,3.6,0,0,0,1,0,0,0,0,0,0,0,0,0,1,0,0,1,0,0,0,0,0
1180,9.82,3.57,0,0,0,0,0,0,0,1,0,0,0,0,1,0,0,0,1,0,0,0,1,0
2168,29.45,4.86,0,0,0,0,0,0,0,1,0,0,0,0,0,0,0,0,1,0,0,0,1,0
993,79.99,79.99,0,0,0,0,0,0,0,0,0,0,0,0,0,1,0,0,1,0,0,1,0,0
266,62.09,1.23,0,0,0,1,0,0,0,0,0,0,0,0,0,0,1,0,0,0,0,0,1,0
1130,17.22,4.92,0,1,0,0,0,0,0,0,0,0,0,0,0,0,0,0,0,1,1,0,0,0
3249,4.29,0.01,0,0,0,0,0,0,0,0,1,0,0,0,0,1,0,1,0,0,0,0,0,0
5701,35.66,11.07,0,0,0,0,0,0,0,0,0,0,1,0,0,0,0,0,0,1,0,1,0,0
22501,20.5,20.0,0,0,0,0,0,0,0,0,0,0,0,1,0,1,0,1,0,0,0,0,0,0
88,15.26,13.37,0,1,0,0,0,0,0,0,0,0,0,0,1,0,0,0,1,0,0,0,1,0
6621,6.76,4.9,0,0,0,0,0,0,0,0,1,0,0,0,0,0,0,0,0,1,0,0,0,1
533,25.82,6.15,0,0,0,1,0,0,0,0,0,0,0,0,0,0,0,0,1,0,1,0,0,0
1,46.02,0.01,0,0,0,1,0,0,0,0,0,0,0,0,0,1,0,1,0,0,0,0,0,1
27132,216.0,0.99,0,0,0,0,0,0,0,0,0,0,1,0,0,1,0,1,0,0,0,0,0,0
5701,41.2,2.46,1,0,0,0,0,0,0,0,0,0,0,0,0,0,0,0,0,1,0,0,0,0
2507,2.45,2.45,0,0,0,1,0,0,0,0,0,0,0,0,0,0,0,0,0,1,1,0,0,0
1155,4.49,4.49,0,0,0,0,0,0,1,0,0,0,0,0,0,1,0,0,1,0,1,0,0,0
841,0.99,0.99,0,0,0,0,0,0,0,0,1,0,0,0,0,1,0,1,0,0,0,0,0,0
27132,71.0,0.99,0,0,0,0,0,0,0,0,0,0,1,0,0,1,0,1,0,0,0,0,0,0
25433,2.99,2.99,0,0,0,1,0,0,0,0,0,0,0,0,0,1,0,0,1,0,0,1,0,0
6904,8.87,8.87,0,0,0,0,0,0,0,0,0,0,0,0,0,1,0,0,0,0,1,0,0,0
3375,14.76,2.46,0,1,0,0,0,0,0,0,0,0,0,0,0,0,0,0,0,1,0,0,1,0
4397,4.5,4.5,0,0,0,1,0,0,0,0,0,0,0,0,0,1,0,0,1,0,0,1,0,0
678,54.65,5.46,0,0,0,0,0,0,1,0,0,0,0,0,0,0,0,0,1,0,1,0,0,0
1304,23.5,23.5,1,0,0,0,0,0,0,0,0,0,0,0,0,1,0,0,1,0,1,0,0,0
1365,27.48,6.09,0,1,0,0,0,0,0,0,0,0,0,0,0,0,0,0,0,1,0,0,1,0
18,2.45,2.45,0,0,0,1,0,0,0,0,0,0,0,0,0,0,0,0,0,1,1,0,0,0
1155,7.99,7.99,0,0,0,0,0,0,1,0,0,0,0,0,0,1,0,0,1,0,1,0,0,0
2349,4.94,3.6,0,0,0,1,0,0,0,0,0,0,0,0,0,1,0,0,1,0,0,0,0,1
1155,5.99,5.99,0,0,0,0,0,0,1,0,0,0,0,0,0,1,0,0,1,0,1,0,0,0
1147,53.52,53.52,0,0,0,1,0,0,0,0,0,0,0,0,1,0,0,0,1,0,0,0,1,0
613,8.61,8.61,0,0,0,0,0,0,0,0,1,0,0,0,0,0,0,0,0,1,0,0,0,1
305,161.08,1.23,0,0,0,0,0,0,0,0,0,0,0,0,0,0,0,0,0,1,1,0,0,0
4390,3.99,3.99,0,0,0,1,0,0,0,0,0,0,0,0,0,1,0,0,1,0,0,0,0,0
3249,1.05,0.01,0,0,0,0,0,0,0,0,1,0,0,0,0,1,0,1,0,0,0,0,0,0
2404,1.23,1.23,0,0,0,0,0,0,0,0,1,0,0,0,0,0,0,0,0,1,0,1,0,0
3249,9.99,0.01,0,0,0,0,0,0,0,0,1,0,0,0,0,1,0,1,0,0,0,0,0,0
205,2.45,2.45,0,0,0,0,0,0,0,0,1,0,0,0,0,0,0,0,1,0,1,0,0,0
411,0.99,0.99,1,0,0,0,0,0,0,0,0,0,0,0,0,1,1,0,0,0,0,1,0,0
3613,9.99,9.99,0,0,0,1,0,0,0,0,0,0,0,0,0,1,0,0,1,0,1,0,0,0
3385,2.75,2.75,0,0,0,0,0,0,0,0,0,0,0,1,0,1,0,0,1,0,0,1,0,0
526,8.61,1.23,0,0,0,0,0,0,0,0,0,0,0,0,0,0,0,0,0,1,0,0,0,0
572,22.95,22.95,0,0,0,0,1,0,0,0,0,0,0,0,0,1,0,0,1,0,0,0,0,1
1647,10.45,9.95,0,0,0,0,0,0,0,0,1,0,0,0,0,1,0,1,0,0,0,0,0,0
2349,41.51,3.6,0,0,0,1,0,0,0,0,0,0,0,0,0,1,0,0,1,0,1,0,0,0
2168,23.84,6.09,0,0,0,0,0,0,0,1,0,0,0,0,0,0,0,0,1,0,1,0,0,0
3249,4.9,0.01,0,0,0,0,0,0,0,0,1,0,0,0,0,1,0,1,0,0,0,0,0,0
121,197.5,0.5,0,0,0,0,0,0,0,0,0,1,0,0,0,1,1,0,0,0,1,0,0,0
3249,5.52,0.01,0,0,0,0,0,0,0,0,1,0,0,0,0,1,0,1,0,0,0,0,0,0
9003,6.99,6.99,0,0,0,0,0,0,0,0,0,0,0,1,0,1,0,0,1,0,0,0,0,0
81,11.5,3.99,0,0,0,1,0,0,0,0,0,0,0,0,0,1,0,0,1,0,0,1,0,0
3385,13.05,11.99,0,0,0,1,0,0,0,0,0,0,0,0,0,1,0,0,1,0,0,1,0,0
1365,12.24,12.24,0,1,0,0,0,0,0,0,0,0,0,0,0,0,0,0,0,1,0,0,1,0
1545,3.69,2.45,0,0,0,1,0,0,0,0,0,0,0,0,0,0,0,0,0,1,1,0,0,0
1148,17.85,1.77,0,0,0,0,0,0,0,0,1,0,0,0,1,0,1,0,0,0,0,0,1,0
1155,8.99,8.99,0,0,0,0,0,0,1,0,0,0,0,0,0,1,0,0,1,0,1,0,0,0
5292,1.78,1.78,0,0,0,0,0,0,0,0,0,0,0,0,1,0,0,0,1,0,0,0,1,0
215,1.77,1.77,0,0,0,0,0,0,0,0,1,0,0,0,1,0,0,0,1,0,0,0,1,0
3380,4.82,3.55,0,0,1,0,0,0,0,0,0,0,0,0,1,0,0,0,1,0,0,0,1,0
5701,6.76,2.45,0,0,0,0,1,0,0,0,0,0,0,0,0,0,0,0,0,1,0,0,0,1
5257,15.5,14.99,0,0,0,1,0,0,0,0,0,0,0,0,0,1,1,0,0,0,0,1,0,0
739,12.9,2.45,1,0,0,0,0,0,0,0,0,0,0,0,0,0,1,0,0,0,0,1,0,0
1375,11.5,7.99,0,0,0,0,0,0,0,0,0,0,0,1,0,1,0,0,1,0,0,1,0,0
3385,2.75,2.75,0,0,0,0,0,0,0,0,0,0,0,1,0,1,0,0,1,0,0,1,0,0
10067,12.99,12.99,0,0,0,0,0,0,0,0,0,0,0,0,0,1,1,0,0,0,0,1,0,0
2168,31.36,11.01,0,0,0,0,0,0,0,1,0,0,0,0,0,0,0,0,1,0,1,0,0,0
17,9.82,1.77,0,0,0,0,0,0,0,0,1,0,0,0,1,0,0,0,1,0,0,0,1,0
50,4.99,4.99,0,0,0,0,0,0,0,0,1,0,0,0,0,1,1,0,0,0,0,1,0,0
743,9.72,1.0,0,0,0,0,0,0,0,1,0,0,0,0,0,1,1,0,0,0,0,1,0,0
1265,5.5,4.85,0,0,0,0,0,0,0,0,0,0,1,0,0,1,0,0,1,0,1,0,0,0
22501,10.5,5.0,0,0,0,0,0,0,0,0,0,0,0,1,0,1,0,1,0,0,0,0,0,0
17,79.0,9.99,0,0,0,0,0,0,0,0,0,0,1,0,0,1,0,0,1,0,1,0,0,0
4398,4.99,4.99,0,0,0,1,0,0,0,0,0,0,0,0,0,1,0,1,0,0,1,0,0,0
378,237.37,169.55,0,0,0,1,0,0,0,0,0,0,0,0,1,0,0,0,1,0,0,0,1,0
618,18.45,6.15,0,0,0,1,0,0,0,0,0,0,0,0,0,0,0,0,1,0,0,0,0,0
2220,115.27,0.99,0,0,0,1,0,0,0,0,0,0,0,0,0,1,1,0,0,0,0,1,0,0
686,6.5,6.5,0,0,0,0,0,0,0,0,1,0,0,0,0,1,0,0,1,0,0,1,0,0
10067,12.0,12.0,0,0,0,0,0,0,0,0,0,0,0,0,0,1,1,0,0,0,1,0,0,0
993,199.99,199.99,0,0,0,1,0,0,0,0,0,0,0,0,0,1,0,0,1,0,0,0,0,0
9003,3.99,3.99,0,0,0,0,0,0,0,0,1,0,0,0,0,1,0,0,1,0,0,0,0,0
6945,392.51,9.99,0,0,0,1,0,0,0,0,0,0,0,0,0,1,0,0,1,0,0,0,0,0
1265,4.0,4.0,0,0,0,0,0,0,0,0,0,0,1,0,0,1,0,0,1,0,1,0,0,0
2218,30.0,30.0,0,0,0,0,0,0,0,0,0,0,0,1,0,1,1,0,0,0,1,0,0,0
1155,29.99,29.99,0,0,0,0,0,0,1,0,0,0,0,0,0,1,0,0,1,0,1,0,0,0
365,8.91,8.91,0,0,0,0,0,0,0,0,1,0,0,0,1,0,0,0,0,1,0,0,1,0
650,4.85,4.5,0,1,0,0,0,0,0,0,0,0,0,0,0,1,0,0,1,0,1,0,0,0
3249,8.26,0.01,0,0,0,0,0,0,0,0,1,0,0,0,0,1,0,1,0,0,0,0,0,0
3864,4.24,3.99,0,1,0,0,0,0,0,0,0,0,0,0,0,1,0,0,1,0,0,0,0,1
3613,7.5,3.99,0,1,0,0,0,0,0,0,0,0,0,0,0,1,0,0,1,0,1,0,0,0
2944,60.0,24.99,0,1,0,0,0,0,0,0,0,0,0,0,0,1,0,0,1,0,0,0,0,1
91,59.52,1.23,1,0,0,0,0,0,0,0,0,0,0,0,0,0,0,0,0,1,0,0,0,1
3385,49.95,49.95,0,0,0,0,0,0,0,0,0,0,0,1,0,1,0,0,1,0,0,1,0,0
105,8.39,4.44,0,0,0,0,0,0,0,0,1,0,0,0,1,0,0,0,1,0,0,0,1,0
2349,7.5,3.6,0,0,0,1,0,0,0,0,0,0,0,0,0,1,0,0,1,0,0,0,0,1
3385,12.5,8.99,0,0,0,0,0,0,0,0,0,0,0,1,0,1,0,0,1,0,0,1,0,0
3249,1.3,0.01,0,0,0,0,0,0,0,0,1,0,0,0,0,1,0,1,0,0,0,0,0,0
3249,0.55,0.01,0,0,0,0,0,0,0,0,1,0,0,0,0,1,0,1,0,0,0,0,0,0
18,29.5,4.0,0,0,0,0,0,0,0,0,0,0,0,0,0,1,1,0,0,0,0,1,0,0
29,11.6,0.02,1,0,0,0,0,0,0,0,0,0,0,0,1,0,0,0,1,0,0,0,1,0
3249,0.06,0.01,0,0,0,0,0,0,0,0,1,0,0,0,0,1,0,1,0,0,0,0,0,0
351,5.53,4.9,0,0,0,0,0,0,0,0,1,0,0,0,0,0,0,0,0,1,0,0,0,1
3249,3.36,0.01,0,0,0,0,0,0,0,0,1,0,0,0,0,1,0,1,0,0,0,0,0,0
2358,86.0,9.99,0,0,0,0,1,0,0,0,0,0,0,0,0,1,0,1,0,0,0,0,0,0
212,9.01,6.99,0,1,0,0,0,0,0,0,0,0,0,0,0,1,0,0,1,0,1,0,0,0
10067,24.95,24.95,0,0,0,0,0,0,0,0,0,0,0,0,0,1,1,0,0,0,1,0,0,0
50,7.99,7.99,0,0,0,0,0,0,0,0,1,0,0,0,0,1,1,0,0,0,0,1,0,0
5564,59.0,59.0,0,0,1,0,0,0,0,0,0,0,0,0,0,1,0,0,1,0,0,1,0,0
5257,12.99,12.99,0,0,0,1,0,0,0,0,0,0,0,0,0,1,1,0,0,0,0,1,0,0
3385,10.13,6.99,0,0,0,0,0,0,0,0,0,0,0,1,0,1,0,0,1,0,0,1,0,0
2046,7.5,7.5,0,0,0,1,0,0,0,0,0,0,0,0,0,1,0,1,0,0,1,0,0,0
507,163.72,9.99,0,0,0,0,0,0,0,0,0,0,0,1,0,1,0,0,1,0,1,0,0,0
3004,24.99,24.99,0,0,0,0,0,0,0,0,1,0,0,0,0,1,0,0,1,0,1,0,0,0
216,8.0,8.0,0,0,0,0,0,0,0,0,0,0,1,0,0,1,0,0,1,0,0,1,0,0
53,2.57,1.77,1,0,0,0,0,0,0,0,0,0,0,0,1,0,0,0,1,0,0,0,1,0
1365,12.24,12.24,0,1,0,0,0,0,0,0,0,0,0,0,0,0,0,0,0,1,1,0,0,0
93,54.18,1.23,0,0,0,1,0,0,0,0,0,0,0,0,0,0,0,0,0,1,0,0,0,1
1155,7.99,7.99,0,0,0,0,0,0,1,0,0,0,0,0,0,1,0,0,1,0,1,0,0,0
4390,6.99,6.99,0,0,0,1,0,0,0,0,0,0,0,0,0,1,0,0,1,0,1,0,0,0
113,9.84,1.23,1,0,0,0,0,0,0,0,0,0,0,0,0,0,0,0,1,0,0,0,0,1
3380,2.23,2.23,0,0,1,0,0,0,0,0,0,0,0,0,1,0,0,0,1,0,0,0,1,0
4397,4.99,4.99,0,0,0,1,0,0,0,0,0,0,0,0,0,1,0,0,1,0,1,0,0,0
841,4.0,0.99,0,0,0,0,0,0,0,0,1,0,0,0,0,1,0,1,0,0,0,0,0,0
123,37.0,5.0,0,0,0,0,0,0,0,0,1,0,0,0,0,1,0,0,1,0,0,0,0,1
1634,7.37,7.37,0,0,0,0,0,0,0,0,1,0,0,0,0,0,0,0,0,1,0,0,0,0
1661,24.58,12.28,0,1,0,0,0,0,0,0,0,0,0,0,0,0,0,0,1,0,1,0,0,0
2991,1.77,1.77,0,0,0,0,0,0,0,0,0,0,0,1,1,0,0,0,1,0,0,0,1,0
1375,4.99,4.99,0,0,0,1,0,0,0,0,0,0,0,0,0,1,0,0,1,0,0,1,0,0
3955,5.99,5.99,0,0,0,0,0,0,0,0,1,0,0,0,0,1,0,1,0,0,0,0,0,0
1545,12.91,2.45,0,0,0,1,0,0,0,0,0,0,0,0,0,0,0,0,0,1,0,0,0,0
1155,6.45,6.45,0,0,0,0,0,0,1,0,0,0,0,0,0,1,0,0,1,0,1,0,0,0
164,118.06,12.17,0,1,0,0,0,0,0,0,0,0,0,0,0,0,0,0,1,0,0,0,0,1
3249,3.25,0.01,0,0,0,0,0,0,0,0,1,0,0,0,0,1,0,1,0,0,0,0,0,0
1375,4.99,4.99,0,0,0,0,0,0,0,0,0,0,0,1,0,1,0,0,1,0,0,1,0,0
112,28.0,9.99,1,0,0,0,0,0,0,0,0,0,0,0,0,1,0,0,1,0,1,0,0,0
10067,18.0,18.0,0,0,0,0,0,0,0,0,0,0,0,0,0,1,1,0,0,0,0,1,0,0
5564,29.99,29.99,0,0,1,0,0,0,0,0,0,0,0,0,0,1,0,0,1,0,0,1,0,0
3385,38.5,11.99,0,0,0,1,0,0,0,0,0,0,0,0,0,1,0,0,1,0,0,1,0,0
9,1.23,1.23,0,0,0,0,1,0,0,0,0,0,0,0,0,0,0,1,0,0,1,0,0,0
2349,4.36,3.6,0,0,0,1,0,0,0,0,0,0,0,0,0,1,0,0,1,0,0,0,0,1
3249,1.25,0.01,0,0,0,0,0,0,0,0,1,0,0,0,0,1,0,1,0,0,0,0,0,0
686,27.17,6.5,0,0,0,0,0,0,0,0,1,0,0,0,0,1,0,0,1,0,0,1,0,0
1809,4.99,4.99,0,0,0,0,0,0,0,0,0,0,0,0,0,1,0,0,1,0,1,0,0,0
3249,3.0,0.01,0,0,0,0,0,0,0,0,1,0,0,0,0,1,0,1,0,0,0,0,0,0
1155,5.99,5.99,0,0,0,0,0,0,1,0,0,0,0,0,0,1,0,0,1,0,1,0,0,0
2992,86.0,82.95,0,0,0,0,0,0,0,0,0,0,0,0,0,1,0,1,0,0,1,0,0,0
2731,3.55,3.55,0,0,0,0,0,0,0,0,0,0,0,1,1,0,0,0,1,0,0,0,1,0
3277,7.0,7.0,0,0,0,1,0,0,0,0,0,0,0,0,0,1,1,0,0,0,1,0,0,0
1131,100.0,100.0,0,0,0,0,0,0,0,0,0,0,0,0,0,1,0,0,0,1,1,0,0,0
3249,3.31,0.01,0,0,0,0,0,0,0,0,1,0,0,0,0,1,0,1,0,0,0,0,0,0
2638,2.46,1.23,0,0,0,0,0,0,0,0,1,0,0,0,0,0,0,0,0,1,0,0,0,1
3249,2.0,0.01,0,0,0,0,0,0,0,0,1,0,0,0,0,1,0,1,0,0,0,0,0,0
25433,5.95,5.95,0,0,0,0,0,0,0,1,0,0,0,0,0,1,0,0,0,0,1,0,0,0
53,2.86,1.77,1,0,0,0,0,0,0,0,0,0,0,0,1,0,0,0,1,0,0,0,1,0
5564,37.0,37.0,0,0,1,0,0,0,0,0,0,0,0,0,0,1,0,1,0,0,0,0,0,0
279,1.23,1.23,0,1,0,0,0,0,0,0,0,0,0,0,0,0,0,0,0,1,0,0,0,1
27132,28.03,0.99,0,0,0,0,0,0,0,0,0,0,1,0,0,1,0,1,0,0,0,0,0,0
578,2.45,2.45,0,0,0,1,0,0,0,0,0,0,0,0,0,0,0,0,0,1,0,0,0,0
27132,151.5,0.99,0,0,0,0,0,0,0,0,0,0,1,0,0,1,0,1,0,0,0,0,0,0
3385,1.99,1.99,0,0,0,0,0,0,0,0,0,0,0,1,0,1,0,0,1,0,0,1,0,0
3004,63.0,59.99,0,0,0,0,0,0,0,0,1,0,0,0,0,1,0,0,1,0,1,0,0,0
1405,28.48,2.45,1,0,0,0,0,0,0,0,0,0,0,0,0,0,0,0,0,1,1,0,0,0
3385,4.95,4.95,0,0,0,0,0,0,0,0,0,0,0,1,0,1,0,0,1,0,0,1,0,0
1364,76.5,76.5,0,0,0,0,0,0,0,0,0,0,0,0,0,1,0,0,1,0,0,0,0,0
3249,3.27,0.01,0,0,0,0,0,0,0,0,1,0,0,0,0,1,0,1,0,0,0,0,0,0
39,80.0,1.0,0,0,0,0,1,0,0,0,0,0,0,0,0,1,1,0,0,0,0,1,0,0
1155,6.99,6.99,0,0,0,0,0,0,1,0,0,0,0,0,0,1,0,0,1,0,0,0,0,0
1635,34.68,1.23,1,0,0,0,0,0,0,0,0,0,0,0,0,0,0,0,0,1,1,0,0,0
3249,0.17,0.01,0,0,0,0,0,0,0,0,1,0,0,0,0,1,0,1,0,0,0,0,0,0
1148,3.93,1.77,0,0,0,0,0,0,0,0,1,0,0,0,1,0,1,0,0,0,0,0,1,0
3249,7.5,0.01,0,0,0,0,0,0,0,0,1,0,0,0,0,1,0,1,0,0,0,0,0,0
3375,1.23,1.23,1,0,0,0,0,0,0,0,0,0,0,0,0,0,0,0,0,1,0,0,1,0
686,7.0,6.5,0,0,0,0,0,0,0,0,1,0,0,0,0,1,0,0,1,0,0,1,0,0
22501,10.5,7.0,0,0,0,0,0,0,0,0,0,0,0,1,0,1,0,1,0,0,0,0,0,0
27132,42.12,0.99,0,0,0,0,0,0,0,0,0,0,1,0,0,1,0,1,0,0,0,0,0,0
107,7.5,1.77,0,0,0,0,0,0,0,0,0,0,0,0,1,0,0,0,0,1,0,0,1,0
5257,14.99,14.99,0,0,0,1,0,0,0,0,0,0,0,0,0,1,1,0,0,0,1,0,0,0
27132,142.75,0.99,0,0,0,0,0,0,0,0,0,0,1,0,0,1,0,1,0,0,0,0,0,0
3249,7.51,0.01,0,0,0,0,0,0,0,0,1,0,0,0,0,1,0,1,0,0,0,0,0,0
1663,39.99,39.99,0,0,0,0,0,1,0,0,0,0,0,0,0,1,1,0,0,0,0,1,0,0
27132,270.12,0.99,0,0,0,0,0,0,0,0,0,0,1,0,0,1,0,1,0,0,0,0,0,0
5701,1.23,1.23,0,0,0,0,0,0,0,0,1,0,0,0,0,0,0,0,0,1,1,0,0,0
3613,3.99,3.99,0,0,0,1,0,0,0,0,0,0,0,0,0,1,0,0,1,0,1,0,0,0
985,285.0,9.99,0,0,0,1,0,0,0,0,0,0,0,0,0,1,0,0,1,0,1,0,0,0
5701,23.37,11.07,0,0,0,0,0,0,0,0,0,0,1,0,0,0,0,0,0,1,1,0,0,0
3249,5.01,0.01,0,0,0,0,0,0,0,0,1,0,0,0,0,1,0,1,0,0,0,0,0,0
3249,7.5,0.01,0,0,0,0,0,0,0,0,1,0,0,0,0,1,0,1,0,0,0,0,0,0
5701,1.23,1.23,0,0,0,0,0,0,0,0,1,0,0,0,0,0,0,0,0,1,0,0,0,0
569,3.07,2.44,0,1,0,0,0,0,0,0,0,0,0,0,0,0,0,0,0,1,0,0,1,0
17,23.22,1.77,0,0,0,0,0,0,0,0,1,0,0,0,1,0,0,0,1,0,0,0,1,0
71,730.0,50.0,0,0,0,0,0,0,0,0,0,0,1,0,0,1,0,0,1,0,0,1,0,0
534,17.5,14.95,0,0,0,0,0,0,0,0,0,0,0,1,0,1,0,0,1,0,1,0,0,0
3249,8.01,0.01,0,0,0,0,0,0,0,0,1,0,0,0,0,1,0,1,0,0,0,0,0,0
3249,10.5,0.01,0,0,0,0,0,0,0,0,1,0,0,0,0,1,0,1,0,0,0,0,0,0
5701,19.64,11.07,0,0,0,0,0,0,0,0,0,0,1,0,0,0,0,0,0,1,0,0,0,0
1,197.5,9.99,0,0,0,0,0,0,0,0,0,0,0,0,0,1,0,1,0,0,0,1,0,0
5701,1.23,1.23,0,0,0,0,0,0,0,0,1,0,0,0,0,0,0,0,0,1,0,0,0,0
2992,99.95,99.95,0,0,0,0,0,0,0,0,0,0,0,0,0,1,1,0,0,0,1,0,0,0
4390,4.95,4.95,0,0,0,1,0,0,0,0,0,0,0,0,0,1,0,0,1,0,1,0,0,0
1545,6.15,2.45,0,0,0,1,0,0,0,0,0,0,0,0,0,0,0,0,0,1,0,0,0,0
2349,17.26,3.6,0,0,0,1,0,0,0,0,0,0,0,0,0,1,0,0,1,0,0,0,0,1
3385,8.99,8.99,0,0,0,0,0,0,0,0,0,0,0,1,0,1,0,0,1,0,0,1,0,0
163,124.2,1.23,0,0,0,0,0,0,0,0,0,0,0,0,0,0,0,0,1,0,0,0,1,0
1364,128.0,128.0,0,0,0,0,0,0,0,0,0,0,0,0,0,1,0,0,1,0,0,0,0,1
844,185.69,1.23,0,0,0,0,1,0,0,0,0,0,0,0,0,0,0,0,0,1,1,0,0,0
148,52.23,5.99,0,0,0,0,1,0,0,0,0,0,0,0,0,1,0,0,1,0,0,0,0,0
638,3.99,3.99,0,1,0,0,0,0,0,0,0,0,0,0,0,1,0,1,0,0,0,0,0,0
10,70.0,1.0,0,0,0,0,0,0,0,0,0,0,0,0,0,1,0,1,0,0,0,0,0,0
1390,14.26,14.26,0,0,0,0,0,0,0,0,0,0,0,0,1,0,0,0,1,0,0,0,1,0
157,16.81,11.07,1,0,0,0,0,0,0,0,0,0,0,0,0,0,0,0,1,0,1,0,0,0
993,80.99,79.99,0,0,0,0,0,0,0,0,0,0,0,0,0,1,0,0,1,0,0,1,0,0
3277,3.0,3.0,0,0,0,0,0,0,0,0,0,0,0,1,0,1,1,0,0,0,1,0,0,0
4397,5.25,5.25,0,0,0,0,0,0,1,0,0,0,0,0,0,1,0,0,1,0,1,0,0,0
62,127.63,9.99,0,0,0,0,0,0,0,0,0,0,1,0,0,1,0,1,0,0,0,0,0,0
27132,137.5,0.99,0,0,0,0,0,0,0,0,0,0,1,0,0,1,0,1,0,0,0,0,0,0
27132,31.0,0.99,0,0,0,0,0,0,0,0,0,0,1,0,0,1,0,1,0,0,0,0,0,0
182,13.71,12.28,0,0,0,0,0,0,0,0,0,1,0,0,0,0,0,0,0,1,1,0,0,0
1364,89.0,89.0,0,0,0,0,0,0,0,0,0,0,0,0,0,1,0,0,1,0,0,0,0,1
9003,3.99,3.99,1,0,0,0,0,0,0,0,0,0,0,0,0,1,0,0,1,0,0,1,0,0
3249,0.01,0.01,0,0,0,0,0,0,0,0,1,0,0,0,0,1,0,1,0,0,0,0,0,0
841,8.0,0.99,0,0,0,0,0,0,0,0,1,0,0,0,0,1,0,1,0,0,0,0,0,0
442,381.53,1.23,0,0,0,1,0,0,0,0,0,0,0,0,0,0,0,0,0,1,1,0,0,0
4153,35.52,2.46,0,1,0,0,0,0,0,0,0,0,0,0,0,0,0,0,0,1,0,1,0,0
2046,19.95,19.95,0,0,0,0,0,0,0,1,0,0,0,0,0,1,0,0,1,0,0,0,0,0
1647,36.0,9.95,0,0,0,0,0,0,0,0,1,0,0,0,0,1,0,1,0,0,0,0,0,0
2349,3.6,3.6,0,0,0,1,0,0,0,0,0,0,0,0,0,1,0,0,1,0,1,0,0,0
2349,8.26,3.6,0,0,0,1,0,0,0,0,0,0,0,0,0,1,0,0,1,0,0,0,0,0
743,1.84,1.23,1,0,0,0,0,0,0,0,0,0,0,0,0,0,0,0,0,1,1,0,0,0
277,4.92,4.92,0,0,0,1,0,0,0,0,0,0,0,0,0,0,0,0,1,0,1,0,0,0
206,17.55,9.95,0,0,0,0,0,0,0,0,0,0,0,0,0,1,0,1,0,0,1,0,0,0
2132,7.99,7.99,0,0,0,0,1,0,0,0,0,0,0,0,0,1,0,1,0,0,0,0,0,1
9003,1.99,1.99,0,0,0,0,0,0,0,0,0,0,0,1,0,1,0,0,1,0,0,0,0,0
1550,1.84,1.23,0,0,0,0,1,0,0,0,0,0,0,0,0,0,0,0,1,0,0,1,0,0
2349,3.6,3.6,0,0,0,1,0,0,0,0,0,0,0,0,0,1,0,0,1,0,0,0,0,1
686,9.5,9.5,0,0,0,0,0,0,0,0,1,0,0,0,0,1,0,0,1,0,0,1,0,0
1550,1.23,1.23,0,0,0,0,1,0,0,0,0,0,0,0,0,0,0,0,1,0,0,1,0,0
5701,23.98,11.07,0,0,0,0,0,0,0,0,0,0,1,0,0,0,0,0,0,1,0,0,1,0
681,2.45,2.45,0,0,0,0,0,0,0,0,1,0,0,0,0,0,1,0,0,0,0,1,0,0
765,6.15,6.15,0,0,0,0,0,0,0,0,0,0,0,1,0,0,0,0,0,1,0,1,0,0
1029,1.07,1.07,0,0,0,0,0,0,0,0,1,0,0,0,1,0,0,0,1,0,0,0,1,0
71,55.94,1.23,0,0,0,0,0,0,0,0,0,0,0,0,0,0,0,0,1,0,0,1,0,0
5271,13.95,13.95,0,0,0,0,0,0,0,0,0,0,1,0,0,1,0,1,0,0,1,0,0,0
53,7.51,1.77,1,0,0,0,0,0,0,0,0,0,0,0,1,0,0,0,1,0,0,0,1,0
2168,11.07,11.07,0,0,0,0,0,0,0,1,0,0,0,0,0,0,0,0,1,0,0,0,1,0
4398,4.99,4.99,0,0,0,0,0,0,1,0,0,0,0,0,0,1,0,1,0,0,1,0,0,0
72,2.45,2.45,0,0,0,0,0,0,0,1,0,0,0,0,0,0,0,0,0,0,1,0,0,0
657,7.38,7.38,0,0,0,0,0,0,0,0,1,0,0,0,0,0,0,0,0,1,0,0,0,1
88,37.51,1.78,0,0,0,1,0,0,0,0,0,0,0,0,1,0,0,0,1,0,0,0,1,0
841,0.99,0.99,0,0,0,0,0,0,0,0,1,0,0,0,0,1,0,1,0,0,0,0,0,0
578,2.45,2.45,0,0,0,1,0,0,0,0,0,0,0,0,0,0,0,0,0,1,1,0,0,0
335,25.21,1.23,1,0,0,0,0,0,0,0,0,0,0,0,0,0,0,0,0,0,0,0,1,0
9003,9.99,9.99,0,0,0,0,0,0,0,0,0,0,0,0,0,1,0,0,1,0,0,0,0,0
1364,65.95,65.95,0,0,0,0,0,0,0,0,0,0,0,0,0,1,0,1,0,0,1,0,0,0
3249,2.3,0.01,0,0,0,0,0,0,0,0,1,0,0,0,0,1,0,1,0,0,0,0,0,0
3115,0.01,0.01,0,0,0,0,0,0,0,0,0,0,0,0,0,1,0,0,1,0,0,0,0,1
814,9.99,9.99,0,0,0,0,0,1,0,0,0,0,0,0,0,1,0,0,1,0,0,0,0,0
89,1.23,1.23,0,1,0,0,0,0,0,0,0,0,0,0,0,0,0,0,0,1,1,0,0,0
27132,122.85,0.99,0,0,0,0,0,0,0,0,0,0,1,0,0,1,0,1,0,0,0,0,0,0
2168,27.05,11.0,0,0,0,0,0,0,0,1,0,0,0,0,0,0,0,0,1,0,0,0,0,0
5564,73.0,73.0,0,0,1,0,0,0,0,0,0,0,0,0,0,1,0,1,0,0,0,0,0,0
1155,7.99,7.99,0,0,0,0,0,0,1,0,0,0,0,0,0,1,0,0,1,0,0,0,0,0
3249,5.5,0.01,0,0,0,0,0,0,0,0,1,0,0,0,0,1,0,1,0,0,0,0,0,0
2695,1.25,0.99,0,0,0,1,0,0,0,0,0,0,0,0,0,1,0,0,1,0,0,1,0,0
5701,35.66,11.07,0,0,0,0,0,0,0,0,0,0,1,0,0,0,0,0,0,1,0,0,0,1
534,17.5,14.95,0,0,0,0,0,0,0,0,0,0,0,1,0,1,0,0,1,0,1,0,0,0
2695,0.99,0.99,0,0,0,1,0,0,0,0,0,0,0,0,0,1,0,0,1,0,1,0,0,0
50,7.99,7.99,0,0,0,0,0,0,0,0,1,0,0,0,0,1,1,0,0,0,0,1,0,0
27132,19.02,0.99,0,0,0,0,0,0,0,0,0,0,1,0,0,1,0,1,0,0,0,0,0,0
3004,63.0,39.99,0,0,0,0,0,0,0,0,1,0,0,0,0,1,0,0,1,0,1,0,0,0
2991,1.77,1.77,0,0,0,0,0,0,0,0,0,0,0,1,1,0,0,0,1,0,0,0,1,0
433,4.06,2.45,0,0,0,1,0,0,0,0,0,0,0,0,0,0,0,1,0,0,1,0,0,0
1265,5.7,5.7,0,0,0,0,0,1,0,0,0,0,0,0,0,1,0,0,1,0,1,0,0,0
3249,3.55,0.01,0,0,0,0,0,0,0,0,1,0,0,0,0,1,0,1,0,0,0,0,0,0
479,85.92,1.23,0,0,0,0,0,0,0,0,0,0,0,0,0,0,0,0,1,0,0,0,0,0
3375,22.14,9.84,0,0,0,0,0,0,0,0,0,0,0,1,0,0,0,0,1,0,1,0,0,0
24,2.45,2.45,0,1,0,0,0,0,0,0,0,0,0,0,0,0,0,0,1,0,0,1,0,0
133,8.99,8.99,0,0,0,0,0,0,0,0,1,0,0,0,0,1,0,1,0,0,1,0,0,0
3249,0.21,0.01,0,0,0,0,0,0,0,0,1,0,0,0,0,1,0,1,0,0,0,0,0,0
1155,4.99,4.99,0,0,0,0,0,0,1,0,0,0,0,0,0,1,0,0,1,0,0,0,0,0
4390,6.99,6.99,0,0,0,1,0,0,0,0,0,0,0,0,0,1,0,0,1,0,1,0,0,0
70,1.86,0.89,0,0,0,0,0,0,0,0,1,0,0,0,1,0,0,0,1,0,0,0,1,0
25433,5.99,5.99,0,0,0,0,0,0,0,1,0,0,0,0,0,1,0,1,0,0,0,0,0,0
3385,3.99,3.99,0,0,0,0,0,0,0,0,0,0,0,1,0,1,0,0,1,0,0,1,0,0
8,69.99,69.99,0,0,0,0,1,0,0,0,0,0,0,0,0,1,0,1,0,0,0,0,0,1
5701,2.45,2.45,0,0,0,0,0,0,0,0,1,0,0,0,0,0,0,0,0,1,1,0,0,0
3613,12.55,3.99,0,0,0,1,0,0,0,0,0,0,0,0,0,1,0,0,1,0,1,0,0,0
686,6.5,6.5,0,0,0,0,0,0,0,0,1,0,0,0,0,1,0,0,1,0,0,1,0,0
22501,16.0,16.0,0,0,0,0,0,0,0,0,0,0,0,1,0,1,0,1,0,0,0,0,0,0
18,13.0,9.99,0,0,0,0,0,0,0,0,0,0,0,0,0,1,1,0,0,0,0,1,0,0
130,2.46,2.46,0,0,0,0,0,0,0,0,1,0,0,0,0,0,0,0,1,0,1,0,0,0
686,6.5,6.5,0,0,0,0,0,0,0,0,1,0,0,0,0,1,0,0,1,0,0,1,0,0
25433,3.99,3.99,0,0,0,0,0,0,0,1,0,0,0,0,0,1,0,0,1,0,0,0,0,0
814,9.99,9.99,0,0,0,0,0,1,0,0,0,0,0,0,0,1,0,0,1,0,0,0,0,0
686,9.5,9.5,0,0,0,0,0,0,0,0,1,0,0,0,0,1,0,0,1,0,0,1,0,0
22501,11.0,11.0,0,0,0,0,0,0,0,0,0,0,0,1,0,1,0,1,0,0,0,0,0,0
3277,5.0,5.0,0,0,0,0,0,0,0,0,0,0,0,1,0,1,1,0,0,0,1,0,0,0
4680,15.97,3.68,0,0,0,1,0,0,0,0,0,0,0,0,0,0,0,0,1,0,0,0,0,1
183,6.15,6.15,0,0,0,0,0,0,0,0,0,0,0,1,0,0,0,0,0,1,0,0,1,0
158,8.49,8.49,0,1,0,0,0,0,0,0,0,0,0,0,0,0,1,0,0,0,0,0,1,0
1848,36.0,9.99,0,0,0,0,0,0,0,0,0,0,0,1,0,1,0,0,1,0,1,0,0,0
1155,5.99,5.99,0,0,0,0,0,0,1,0,0,0,0,0,0,1,0,0,1,0,0,0,0,1
1155,6.99,6.99,0,0,0,0,0,0,1,0,0,0,0,0,0,1,0,0,1,0,0,0,0,0
2046,7.5,7.5,0,0,0,1,0,0,0,0,0,0,0,0,0,1,0,1,0,0,1,0,0,0
1405,10.08,2.45,1,0,0,0,0,0,0,0,0,0,0,0,0,0,0,0,0,1,0,0,0,0
4641,67.62,6.14,0,1,0,0,0,0,0,0,0,0,0,0,0,0,0,0,0,1,0,0,1,0
104,4.43,1.23,0,0,0,0,0,0,0,0,0,0,0,1,0,0,0,0,0,1,1,0,0,0
595,36.28,1.23,0,1,0,0,0,0,0,0,0,0,0,0,0,0,0,0,1,0,0,0,0,0
4390,4.99,4.99,0,0,0,1,0,0,0,0,0,0,0,0,0,1,0,0,1,0,0,0,0,0
3249,0.01,0.01,0,0,0,0,0,0,0,0,1,0,0,0,0,1,0,1,0,0,0,0,0,0
3380,5.34,5.34,0,0,1,0,0,0,0,0,0,0,0,0,1,0,0,0,1,0,0,0,1,0
666,1.23,1.23,0,1,0,0,0,0,0,0,0,0,0,0,0,0,0,1,0,0,0,0,1,0
118,3.93,1.77,0,0,0,0,0,0,0,0,1,0,0,0,1,0,0,0,1,0,0,0,1,0
709,38.76,6.14,0,0,0,1,0,0,0,0,0,0,0,0,0,0,0,0,0,1,1,0,0,0
5257,27.95,27.95,0,0,0,1,0,0,0,0,0,0,0,0,0,1,1,0,0,0,0,1,0,0
2046,19.95,19.95,0,0,0,0,0,0,0,1,0,0,0,0,0,1,0,0,1,0,0,0,0,0
3249,8.49,0.01,0,0,0,0,0,0,0,0,1,0,0,0,0,1,0,1,0,0,0,0,0,0
578,2.45,2.45,0,0,0,1,0,0,0,0,0,0,0,0,0,0,0,0,0,1,0,0,0,0
4390,6.99,6.99,0,0,0,1,0,0,0,0,0,0,0,0,0,1,0,0,1,0,1,0,0,0
29,43.0,24.99,0,0,0,0,0,0,0,0,0,0,0,0,0,1,0,1,0,0,0,0,0,0
22501,26.56,18.0,0,0,0,0,0,0,0,0,0,0,0,1,0,1,0,1,0,0,0,0,0,0
1029,1.7,1.25,0,0,0,0,0,0,0,0,1,0,0,0,1,0,0,0,1,0,0,0,1,0
393,45.5,2.45,0,1,0,0,0,0,0,0,0,0,0,0,0,0,0,0,0,1,0,1,0,0
3613,8.01,6.99,1,0,0,0,0,0,0,0,0,0,0,0,0,1,0,0,1,0,1,0,0,0
3249,8.5,0.01,0,0,0,0,0,0,0,0,1,0,0,0,0,1,0,1,0,0,0,0,0,0
841,10.0,0.99,0,0,0,0,0,0,0,0,1,0,0,0,0,1,0,1,0,0,0,0,0,0
3249,0.01,0.01,0,0,0,0,0,0,0,0,1,0,0,0,0,1,0,1,0,0,0,0,0,0
595,41.2,1.23,0,1,0,0,0,0,0,0,0,0,0,0,0,0,0,0,0,1,1,0,0,0
21,22.33,5.35,1,0,0,0,0,0,0,0,0,0,0,0,1,0,0,0,1,0,0,0,1,0
5271,20.95,20.95,0,0,0,0,0,0,0,0,0,0,1,0,0,1,0,0,1,0,0,1,0,0
4028,19.95,19.95,1,0,0,0,0,0,0,0,0,0,0,0,0,1,0,1,0,0,0,0,0,0
170,16.6,1.23,0,0,0,1,0,0,0,0,0,0,0,0,0,0,0,0,1,0,1,0,0,0
2991,11.6,0.54,0,0,0,0,0,0,0,0,0,0,0,1,1,0,0,0,1,0,0,0,1,0
637,15.86,3.57,0,0,0,0,0,0,0,1,0,0,0,0,0,0,0,0,0,1,0,0,0,1
374,545.0,100.0,0,0,0,0,0,0,0,0,0,0,0,0,0,1,0,0,1,0,0,0,0,0
2168,15.49,14.99,1,0,0,0,0,0,0,0,0,0,0,0,0,1,1,0,0,0,0,1,0,0
3613,19.49,9.99,0,0,0,1,0,0,0,0,0,0,0,0,0,1,0,0,1,0,1,0,0,0
2220,33.14,0.99,0,0,0,1,0,0,0,0,0,0,0,0,0,1,1,0,0,0,0,1,0,0
638,9.86,1.23,0,0,0,0,0,0,0,0,0,0,0,1,0,0,0,0,0,1,1,0,0,0
205,2.45,2.45,0,0,0,0,0,0,0,0,1,0,0,0,0,0,0,0,1,0,1,0,0,0
846,22.14,9.84,0,1,0,0,0,0,0,0,0,0,0,0,0,0,0,0,0,1,1,0,0,0
27,126.66,1.23,0,0,0,0,1,0,0,0,0,0,0,0,0,0,0,0,0,1,1,0,0,0
105,2.45,2.45,1,0,0,0,0,0,0,0,0,0,0,0,0,0,0,0,1,0,0,0,1,0
27132,25.65,0.99,0,0,0,0,0,0,0,0,0,0,1,0,0,1,0,1,0,0,0,0,0,0
200,17.83,5.53,1,0,0,0,0,0,0,0,0,0,0,0,0,0,0,0,1,0,1,0,0,0
294,6.15,6.15,0,1,0,0,0,0,0,0,0,0,0,0,0,0,0,0,0,1,0,0,0,1
10067,6.0,6.0,0,0,0,0,0,0,0,0,0,0,0,0,0,1,1,0,0,0,0,1,0,0
3613,3.99,3.99,0,0,0,0,0,0,0,0,0,0,0,0,0,1,0,0,1,0,1,0,0,0
58,6.76,6.76,0,0,0,0,0,0,0,0,0,0,0,1,0,0,0,0,1,0,1,0,0,0
1365,12.24,12.24,0,1,0,0,0,0,0,0,0,0,0,0,0,0,0,0,0,1,1,0,0,0
668,313.59,67.64,0,1,0,0,0,0,0,0,0,0,0,0,0,0,0,0,1,0,1,0,0,0
1661,4.33,1.23,0,1,0,0,0,0,0,0,0,0,0,0,0,0,0,0,1,0,1,0,0,0
1029,1.25,1.25,0,0,0,0,0,0,0,0,1,0,0,0,1,0,0,0,1,0,0,0,1,0
392,22.14,9.84,0,0,0,0,0,0,0,0,0,0,0,1,0,0,0,0,1,0,1,0,0,0
309,8.91,8.91,0,0,0,0,0,0,0,0,1,0,0,0,1,0,0,0,1,0,0,0,1,0
118,14.28,1.77,0,0,0,0,0,0,0,0,1,0,0,0,1,0,0,0,1,0,0,0,1,0
241,23.97,1.23,0,1,0,0,0,0,0,0,0,0,0,0,0,0,0,0,1,0,1,0,0,0
18,2.45,2.45,0,0,0,1,0,0,0,0,0,0,0,0,0,0,0,0,0,1,1,0,0,0
3090,8.01,2.45,0,0,0,0,0,0,0,0,0,0,0,1,0,0,0,0,0,1,0,0,0,1
1386,3.07,1.23,0,1,0,0,0,0,0,0,0,0,0,0,0,0,0,0,0,1,0,1,0,0
3249,1.5,0.01,0,0,0,0,0,0,0,0,1,0,0,0,0,1,0,1,0,0,0,0,0,0
25433,14.95,14.95,0,0,0,1,0,0,0,0,0,0,0,0,0,1,0,0,1,0,1,0,0,0
2349,4.35,3.6,0,0,0,1,0,0,0,0,0,0,0,0,0,1,0,0,1,0,1,0,0,0
534,29.99,29.99,0,0,0,0,0,0,0,0,0,0,0,1,0,1,0,0,1,0,1,0,0,0
37,49.8,1.23,0,1,0,0,0,0,0,0,0,0,0,0,0,0,0,1,0,0,0,0,0,0
534,28.0,19.99,0,0,0,0,0,0,0,0,0,0,0,1,0,1,0,0,1,0,1,0,0,0
3613,2.99,2.99,0,1,0,0,0,0,0,0,0,0,0,0,0,1,0,0,1,0,1,0,0,0
27132,295.0,0.99,0,0,0,0,0,0,0,0,0,0,1,0,0,1,0,1,0,0,0,0,0,0
2349,6.4,3.6,0,0,0,1,0,0,0,0,0,0,0,0,0,1,0,0,1,0,1,0,0,0
2993,27.17,14.99,0,0,0,0,0,0,0,0,1,0,0,0,0,1,0,0,1,0,1,0,0,0
29,300.0,5.0,0,0,0,0,0,0,0,0,0,0,0,0,0,1,0,0,0,0,1,0,0,0
1647,18.25,9.95,0,0,0,0,0,0,0,0,1,0,0,0,0,1,0,1,0,0,0,0,0,0
1266,4.25,4.0,0,0,0,0,0,0,0,0,0,0,1,0,0,1,0,0,1,0,1,0,0,0
387,74.75,5.0,0,0,0,1,0,0,0,0,0,0,0,0,0,1,0,0,1,0,0,1,0,0
3325,86.04,9.99,0,0,0,1,0,0,0,0,0,0,0,0,0,1,1,0,0,0,0,1,0,0
10067,18.99,18.99,0,0,0,0,0,0,0,0,0,0,0,0,0,1,1,0,0,0,1,0,0,0
3613,14.99,14.99,1,0,0,0,0,0,0,0,0,0,0,0,0,1,0,0,1,0,1,0,0,0
14479,5.99,5.99,0,0,0,0,0,0,0,0,1,0,0,0,0,1,0,0,1,0,1,0,0,0
3277,0.99,0.99,0,0,0,0,0,0,0,0,0,0,0,1,0,1,1,0,0,0,1,0,0,0
205,33.82,24.6,0,0,0,0,0,0,0,0,1,0,0,0,0,0,0,0,1,0,1,0,0,0
3380,3.55,3.55,0,0,1,0,0,0,0,0,0,0,0,0,1,0,0,0,1,0,0,0,1,0
1155,6.95,6.45,0,0,0,0,0,0,1,0,0,0,0,0,0,1,0,0,1,0,0,1,0,0
1155,13.5,12.99,0,0,0,0,0,0,1,0,0,0,0,0,0,1,0,0,1,0,1,0,0,0
13,250.87,122.98,0,0,0,0,1,0,0,0,0,0,0,0,0,0,0,0,0,1,1,0,0,0
996,12.91,2.45,0,0,0,0,0,0,0,0,0,0,0,1,0,0,0,0,1,0,0,0,0,1
1550,1.84,1.23,0,0,0,0,1,0,0,0,0,0,0,0,0,0,0,0,1,0,0,0,0,0
3380,5.34,5.34,0,0,1,0,0,0,0,0,0,0,0,0,1,0,0,0,1,0,0,0,1,0
9003,4.99,4.99,0,0,0,0,0,0,0,0,1,0,0,0,0,1,0,0,1,0,0,0,0,0
1017,6.14,6.14,0,0,1,0,0,0,0,0,0,0,0,0,0,0,0,0,0,1,1,0,0,0
27132,136.49,0.99,0,0,0,0,0,0,0,0,0,0,1,0,0,1,0,1,0,0,0,0,0,0
3277,4.5,4.5,0,0,0,1,0,0,0,0,0,0,0,0,0,1,1,0,0,0,1,0,0,0
671,47.5,47.5,0,0,0,0,0,0,0,0,0,0,0,0,0,1,0,1,0,0,1,0,0,0
1620,60.0,9.95,1,0,0,0,0,0,0,0,0,0,0,0,0,1,0,0,0,1,0,0,0,0
164,49.07,12.18,0,1,0,0,0,0,0,0,0,0,0,0,0,0,0,0,1,0,1,0,0,0
993,159.99,159.99,0,0,0,0,0,0,0,0,0,0,0,0,0,1,0,0,1,0,0,1,0,0
2358,222.5,9.99,0,0,0,0,1,0,0,0,0,0,0,0,0,1,0,1,0,0,0,0,0,0
351,7.95,7.95,0,0,0,0,0,0,0,0,0,0,0,0,0,1,1,0,0,0,1,0,0,0
3249,10.0,0.01,0,0,0,0,0,0,0,0,1,0,0,0,0,1,0,1,0,0,0,0,0,0
686,6.5,6.5,0,0,0,0,0,0,0,0,1,0,0,0,0,1,0,0,1,0,0,1,0,0
985,75.0,9.99,0,0,0,1,0,0,0,0,0,0,0,0,0,1,0,0,1,0,1,0,0,0
5827,5.72,2.45,0,0,0,0,0,0,0,0,0,0,0,1,0,0,0,0,0,1,1,0,0,0
578,2.45,2.45,0,0,0,1,0,0,0,0,0,0,0,0,0,0,0,0,0,1,0,0,0,0
29,1.23,1.23,1,0,0,0,0,0,0,0,0,0,0,0,0,0,0,0,1,0,1,0,0,0
105,2.45,2.45,1,0,0,0,0,0,0,0,0,0,0,0,0,0,1,0,0,0,1,0,0,0
27132,60.0,49.0,0,0,0,0,0,0,0,0,0,0,1,0,0,1,0,1,0,0,0,0,0,0
22501,40.0,40.0,0,0,0,0,0,0,0,0,0,0,0,1,0,1,0,1,0,0,0,0,0,0
3380,5.34,5.34,0,0,1,0,0,0,0,0,0,0,0,0,1,0,0,0,1,0,0,0,1,0
45,863.28,1.23,0,0,0,0,0,0,0,0,0,0,0,0,0,0,0,1,0,0,0,0,0,0
3385,2.75,2.75,0,0,0,0,0,0,0,0,0,0,0,1,0,1,0,0,1,0,0,1,0,0
2349,26.0,3.6,0,0,0,1,0,0,0,0,0,0,0,0,0,1,0,0,1,0,0,0,0,1
33,167.5,90.0,0,0,0,0,0,0,0,0,0,1,0,0,0,1,0,0,1,0,1,0,0,0
27132,147.5,0.99,0,0,0,0,0,0,0,0,0,0,1,0,0,1,0,1,0,0,0,0,0,0
2220,34.06,0.99,0,0,0,1,0,0,0,0,0,0,0,0,0,1,1,0,0,0,0,1,0,0
1645,1.23,1.23,0,0,0,0,0,0,0,0,1,0,0,0,0,0,0,0,0,1,1,0,0,0
1155,4.99,4.99,0,0,0,0,0,0,1,0,0,0,0,0,0,1,0,0,1,0,1,0,0,0
2168,23.92,11.01,0,0,0,0,0,0,0,1,0,0,0,0,0,0,0,0,1,0,1,0,0,0
671,44.95,44.95,0,0,0,0,0,0,0,0,0,0,0,0,0,1,0,1,0,0,1,0,0,0
4390,7.95,7.95,0,0,0,1,0,0,0,0,0,0,0,0,0,1,0,0,1,0,0,0,0,0
232,5.34,5.34,0,0,0,0,0,1,0,0,0,0,0,0,1,0,1,0,0,0,0,0,1,0
2992,169.0,169.0,0,0,0,0,0,0,0,0,0,0,0,0,0,1,1,0,0,0,1,0,0,0
170,10.45,1.23,0,0,0,1,0,0,0,0,0,0,0,0,0,0,0,0,1,0,0,0,1,0
3249,7.05,0.01,0,0,0,0,0,0,0,0,1,0,0,0,0,1,0,1,0,0,0,0,0,0
2992,74.0,65.0,0,0,0,0,0,0,0,0,0,0,0,0,0,1,0,1,0,0,1,0,0,0
5292,1.78,1.78,0,0,0,0,0,0,0,0,0,0,0,0,1,0,0,0,1,0,0,0,1,0
3227,12.26,9.99,0,0,0,0,0,0,0,0,1,0,0,0,0,1,0,0,1,0,0,0,0,0
5564,2.79,2.79,0,0,1,0,0,0,0,0,0,0,0,0,0,1,0,0,1,0,0,1,0,0
1364,108.0,108.0,0,0,0,0,0,0,0,0,0,0,0,0,0,1,0,1,0,0,1,0,0,0
1155,5.99,5.99,0,0,0,0,0,0,1,0,0,0,0,0,0,1,0,0,1,0,1,0,0,0
684,1.23,1.23,0,0,1,0,0,0,0,0,0,0,0,0,0,0,0,0,0,1,1,0,0,0
1911,20.03,3.68,0,0,0,0,0,0,0,0,0,0,0,1,0,0,0,0,0,1,0,0,0,1
1166,18.43,6.14,0,1,0,0,0,0,0,0,0,0,0,0,0,0,0,0,1,0,1,0,0,0
10067,21.0,21.0,0,0,0,0,0,0,0,0,0,0,0,0,0,1,1,0,0,0,1,0,0,0
1375,9.99,9.99,0,0,0,0,0,0,0,0,0,0,0,1,0,1,0,0,1,0,0,1,0,0
10067,39.5,39.5,0,0,0,0,0,0,0,0,0,0,0,0,0,1,1,0,0,0,0,1,0,0
790,14.99,14.99,0,0,0,0,0,0,0,1,0,0,0,0,0,1,0,1,0,0,0,0,0,0
5827,2.45,2.45,0,0,0,0,0,0,0,0,0,0,0,1,0,0,0,0,0,1,1,0,0,0
1842,5.35,5.35,0,0,0,0,0,0,0,0,1,0,0,0,1,0,0,0,0,1,0,0,1,0
53,5.71,1.77,1,0,0,0,0,0,0,0,0,0,0,0,1,0,0,0,1,0,0,0,1,0
1155,4.99,4.99,0,0,0,0,0,0,1,0,0,0,0,0,0,1,0,0,1,0,1,0,0,0
4390,6.5,3.99,0,0,0,1,0,0,0,0,0,0,0,0,0,1,0,0,1,0,0,0,0,0
9747,25.0,25.0,0,0,0,0,1,0,0,0,0,0,0,0,0,1,0,1,0,0,0,0,0,1
146,85.0,85.0,0,0,0,0,0,0,0,0,0,0,0,0,0,1,0,0,1,0,0,0,0,1
957,15.99,15.99,0,0,0,0,0,0,0,0,0,0,0,0,0,1,0,1,0,0,0,0,0,1
3249,5.5,0.01,0,0,0,0,0,0,0,0,1,0,0,0,0,1,0,1,0,0,0,0,0,0
1550,1.23,1.23,0,0,0,1,0,0,0,0,0,0,0,0,0,0,0,0,1,0,1,0,0,0
3385,4.95,4.95,0,0,0,0,0,0,0,0,0,0,0,1,0,1,0,0,1,0,0,1,0,0
1148,6.66,1.77,0,0,0,0,0,0,0,0,1,0,0,0,1,0,1,0,0,0,0,0,1,0
541,16.5,9.99,0,0,0,1,0,0,0,0,0,0,0,0,0,1,0,0,1,0,1,0,0,0
3385,4.99,4.99,0,0,0,0,0,0,0,0,0,0,0,1,0,1,0,0,1,0,0,1,0,0
1550,1.23,1.23,0,0,0,1,0,0,0,0,0,0,0,0,0,0,0,0,1,0,0,0,0,0
2349,3.85,3.6,0,0,0,1,0,0,0,0,0,0,0,0,0,1,0,0,1,0,1,0,0,0
1155,7.99,7.99,0,0,0,0,0,0,1,0,0,0,0,0,0,1,0,0,1,0,0,0,0,0
2016,18.32,6.02,0,1,0,0,0,0,0,0,0,0,0,0,0,0,0,1,0,0,1,0,0,0
632,24.99,8.91,0,0,0,0,0,0,0,0,1,0,0,0,1,0,0,0,1,0,0,0,1,0
1155,7.99,7.99,0,0,0,0,0,0,1,0,0,0,0,0,0,1,0,0,1,0,0,1,0,0
3249,1.25,0.01,0,0,0,0,0,0,0,0,1,0,0,0,0,1,0,1,0,0,0,0,0,0
3249,6.5,0.01,0,0,0,0,0,0,0,0,1,0,0,0,0,1,0,1,0,0,0,0,0,0
3385,1.99,1.99,0,0,0,0,0,0,0,0,0,0,0,1,0,1,0,0,1,0,0,1,0,0
1054,34.19,0.77,0,0,1,0,0,0,0,0,0,0,0,0,0,1,0,1,0,0,0,0,0,0
9003,5.51,3.99,0,0,0,0,0,0,0,0,1,0,0,0,0,1,0,0,1,0,1,0,0,0
2089,22.5,0.99,0,0,0,1,0,0,0,0,0,0,0,0,0,1,1,0,0,0,1,0,0,0
3385,1.99,1.99,0,0,0,0,0,0,0,0,0,0,0,1,0,1,0,0,1,0,0,1,0,0
1635,33.67,1.23,1,0,0,0,0,0,0,0,0,0,0,0,0,0,0,0,0,1,1,0,0,0
56,175.0,0.99,0,0,0,0,0,1,0,0,0,0,0,0,0,1,0,0,1,0,0,0,0,0
1051,19.99,19.99,0,0,0,0,0,0,0,0,0,0,0,1,0,1,0,1,0,0,1,0,0,0
142,521.55,200.0,0,0,0,0,0,0,0,0,0,0,0,0,0,1,0,0,1,0,0,1,0,0
4390,3.27,3.27,0,0,0,1,0,0,0,0,0,0,0,0,0,1,0,0,1,0,1,0,0,0
2191,10.99,10.99,0,1,0,0,0,0,0,0,0,0,0,0,0,1,0,1,0,0,1,0,0,0
5564,135.0,135.0,0,0,1,0,0,0,0,0,0,0,0,0,0,1,0,1,0,0,0,1,0,0
5701,1.23,1.23,0,0,0,0,0,0,0,0,1,0,0,0,0,0,0,0,0,1,1,0,0,0
17,12.94,1.77,0,0,0,0,0,0,0,0,1,0,0,0,1,0,0,0,1,0,0,0,1,0
3277,26.01,7.0,0,0,0,0,0,0,0,0,0,0,0,1,0,1,1,0,0,0,1,0,0,0
5564,12.25,12.25,0,0,1,0,0,0,0,0,0,0,0,0,0,1,0,0,1,0,1,0,0,0
671,66.77,44.95,0,0,0,0,0,0,0,0,0,0,0,0,0,1,0,1,0,0,1,0,0,0
1365,18.38,6.09,0,1,0,0,0,0,0,0,0,0,0,0,0,0,0,0,0,1,0,0,0,1
237,4.99,4.99,0,0,0,0,0,0,0,0,0,0,1,0,0,1,1,0,0,0,0,1,0,0
1545,3.73,2.45,0,0,0,1,0,0,0,0,0,0,0,0,0,0,0,0,0,1,0,0,0,0
277,182.04,17.85,0,0,0,0,0,0,0,0,1,0,0,0,1,0,0,0,1,0,0,0,1,0
27132,78.0,0.99,0,0,0,0,0,0,0,0,0,0,1,0,0,1,0,1,0,0,0,0,0,0
2319,10.01,5.99,0,0,0,1,0,0,0,0,0,0,0,0,0,1,0,0,1,0,0,0,0,0
1075,1.23,1.23,0,0,0,0,0,0,0,0,1,0,0,0,0,0,0,0,0,1,0,0,1,0
3385,9.99,9.99,0,0,0,1,0,0,0,0,0,0,0,0,0,1,0,0,1,0,0,1,0,0
141,4.91,4.91,0,1,0,0,0,0,0,0,0,0,0,0,0,0,0,0,1,0,1,0,0,0
3249,3.5,0.01,0,0,0,0,0,0,0,0,1,0,0,0,0,1,0,1,0,0,0,0,0,0
1545,8.28,2.45,0,0,0,1,0,0,0,0,0,0,0,0,0,0,0,0,0,1,1,0,0,0
1581,87.31,1.23,0,1,0,0,0,0,0,0,0,0,0,0,0,0,0,0,1,0,0,0,1,0
993,80.99,79.99,0,0,0,0,0,0,0,0,0,0,0,0,0,1,0,0,1,0,0,1,0,0
4390,41.49,41.49,0,0,0,1,0,0,0,0,0,0,0,0,0,1,0,0,1,0,0,0,0,0
2992,99.09,89.95,0,0,0,0,0,0,0,0,0,0,0,0,0,1,1,0,0,0,1,0,0,0
53,7.5,1.77,1,0,0,0,0,0,0,0,0,0,0,0,1,0,0,0,1,0,0,0,1,0
29,150.0,9.99,0,0,0,0,0,0,0,0,0,0,0,1,0,1,0,0,1,0,0,1,0,0
5701,39.35,2.46,0,0,0,0,0,0,0,0,0,0,1,0,0,0,0,0,0,1,0,0,1,0
2378,390.0,0.01,0,0,0,0,0,0,0,0,0,0,1,0,0,1,1,0,0,0,1,0,0,0
1266,6.79,6.79,0,0,0,0,0,0,0,0,0,0,1,0,0,1,0,0,1,0,0,0,0,1
3249,1.58,0.01,0,0,0,0,0,0,0,0,1,0,0,0,0,1,0,1,0,0,0,0,0,0
2696,3.0,3.0,0,0,0,1,0,0,0,0,0,0,0,0,0,1,0,0,1,0,0,0,0,0
2349,3.6,3.6,0,0,0,1,0,0,0,0,0,0,0,0,0,1,0,0,1,0,1,0,0,0
83,12.29,12.29,0,0,0,0,0,0,1,0,0,0,0,0,0,0,0,0,0,1,1,0,0,0
3864,6.49,5.99,0,1,0,0,0,0,0,0,0,0,0,0,0,1,0,0,1,0,0,0,0,0
3385,29.95,29.95,0,0,0,0,0,0,0,0,0,0,0,1,0,1,0,0,1,0,0,1,0,0
846,23.44,9.84,0,1,0,0,0,0,0,0,0,0,0,0,0,0,0,0,0,1,1,0,0,0
841,0.99,0.99,0,0,0,0,0,0,0,0,1,0,0,0,0,1,0,1,0,0,0,0,0,0
3385,2.24,1.99,0,0,0,0,0,0,0,0,0,0,0,1,0,1,0,0,1,0,0,1,0,0
756,6.15,6.15,1,0,0,0,0,0,0,0,0,0,0,0,0,0,0,0,0,1,0,0,0,1
352,49.95,49.95,0,0,0,0,0,0,0,0,0,0,0,0,0,1,0,1,0,0,1,0,0,0
10067,19.5,19.5,0,0,0,0,0,0,0,0,0,0,0,0,0,1,1,0,0,0,0,1,0,0
4390,4.99,4.99,0,0,0,1,0,0,0,0,0,0,0,0,0,1,0,0,1,0,0,0,0,0
3277,10.05,3.0,0,0,0,0,0,0,0,0,0,0,0,1,0,1,1,0,0,0,1,0,0,0
9003,26.0,7.49,0,0,0,0,0,0,0,0,1,0,0,0,0,1,0,0,1,0,0,0,0,0
3004,51.0,34.99,0,0,0,0,0,0,0,0,1,0,0,0,0,1,0,0,1,0,1,0,0,0
3385,5.51,2.75,0,0,0,0,0,0,0,0,0,0,0,1,0,1,0,0,1,0,0,1,0,0
2696,2.34,2.0,0,0,0,1,0,0,0,0,0,0,0,0,0,1,0,0,1,0,0,0,0,0
2349,5.51,3.6,0,0,0,1,0,0,0,0,0,0,0,0,0,1,0,0,1,0,0,0,0,0
106,49.26,1.23,0,0,0,0,0,0,0,0,0,0,0,0,0,0,0,0,1,0,1,0,0,0
19,124.2,1.23,0,0,0,1,0,0,0,0,0,0,0,0,0,0,0,0,0,1,0,1,0,0
578,2.45,2.45,0,0,0,1,0,0,0,0,0,0,0,0,0,0,0,0,0,1,1,0,0,0
5564,2.99,2.99,0,0,1,0,0,0,0,0,0,0,0,0,0,1,0,0,1,0,1,0,0,0
648,48.0,39.0,0,0,0,0,0,0,0,0,0,0,0,1,0,1,0,1,0,0,0,0,0,0
1768,9.82,1.77,0,0,0,0,0,0,0,0,0,0,0,1,1,0,0,0,1,0,0,0,1,0
4397,21.99,21.99,0,0,0,1,0,0,0,0,0,0,0,0,0,1,0,0,1,0,0,1,0,0
1,43.0,0.01,0,0,0,1,0,0,0,0,0,0,0,0,0,1,0,1,0,0,1,0,0,0
145,999.0,999.0,0,0,0,0,0,0,0,0,0,0,0,0,0,1,0,0,1,0,0,1,0,0
22501,16.5,16.0,0,0,0,0,0,0,0,0,0,0,0,1,0,1,0,1,0,0,0,0,0,0
352,32.95,32.95,0,0,0,0,0,0,0,0,0,0,0,0,0,1,0,1,0,0,1,0,0,0
439,6.47,6.47,0,0,0,0,0,0,0,0,1,0,0,0,0,1,1,0,0,0,1,0,0,0
2349,10.11,3.6,0,0,0,1,0,0,0,0,0,0,0,0,0,1,0,0,1,0,0,0,0,1
33,91.0,10.0,0,0,0,0,0,0,0,0,0,0,0,0,0,1,0,0,1,0,1,0,0,0
50,186.38,1.23,0,0,0,0,1,0,0,0,0,0,0,0,0,0,0,1,0,0,1,0,0,0
5450,26.0,0.01,1,0,0,0,0,0,0,0,0,0,0,0,0,1,1,0,0,0,1,0,0,0
1545,11.68,2.45,0,0,0,1,0,0,0,0,0,0,0,0,0,0,0,0,0,1,0,0,0,0
9003,2.99,2.99,0,0,0,1,0,0,0,0,0,0,0,0,0,1,0,0,1,0,1,0,0,0
696,163.0,9.99,0,0,0,1,0,0,0,0,0,0,0,0,0,1,0,0,1,0,1,0,0,0
2349,20.5,0.6,0,0,0,1,0,0,0,0,0,0,0,0,0,1,0,0,0,1,1,0,0,0
109,51.03,1.23,0,0,0,0,0,0,0,0,0,0,1,0,0,0,0,1,0,0,0,0,0,0
4366,6.76,2.45,1,0,0,0,0,0,0,0,0,0,0,0,0,0,0,0,1,0,1,0,0,0
5701,11.07,11.07,1,0,0,0,0,0,0,0,0,0,0,0,0,0,0,0,0,1,0,0,0,0
3385,2.75,1.99,0,0,0,0,0,0,0,0,0,0,0,1,0,1,0,0,1,0,0,1,0,0
2349,18.26,3.6,0,0,0,1,0,0,0,0,0,0,0,0,0,1,0,0,1,0,0,0,0,0
1647,13.95,9.95,0,0,0,0,0,0,0,0,1,0,0,0,0,1,0,1,0,0,0,0,0,0
2220,0.99,0.99,0,0,0,1,0,0,0,0,0,0,0,0,0,1,0,1,0,0,0,0,0,0
22501,16.5,15.0,0,0,0,0,0,0,0,0,0,0,0,1,0,1,0,1,0,0,0,0,0,0
2169,9.99,9.99,1,0,0,0,0,0,0,0,0,0,0,0,0,1,1,0,0,0,1,0,0,0
27132,152.5,0.99,0,0,0,0,0,0,0,0,0,0,1,0,0,1,0,1,0,0,0,0,0,0
801,26.99,14.99,0,0,0,0,0,0,0,0,0,1,0,0,0,1,1,0,0,0,0,1,0,0
3249,8.5,0.01,0,0,0,0,0,0,0,0,1,0,0,0,0,1,0,1,0,0,0,0,0,0
3249,18.0,0.01,0,0,0,0,0,0,0,0,1,0,0,0,0,1,0,1,0,0,0,0,0,0
200,10.71,8.93,0,0,0,0,0,0,0,0,1,0,0,0,1,0,0,0,1,0,0,0,1,0
266,61.0,1.23,0,0,0,1,0,0,0,0,0,0,0,0,0,0,1,0,0,0,1,0,0,0
2349,5.61,3.6,0,0,0,1,0,0,0,0,0,0,0,0,0,1,0,0,1,0,1,0,0,0
1545,8.72,2.45,0,0,0,1,0,0,0,0,0,0,0,0,0,0,0,0,0,1,0,0,0,1
942,12.29,12.29,0,0,0,0,0,0,0,1,0,0,0,0,0,0,0,1,0,0,1,0,0,0
4398,4.99,4.99,0,0,0,0,0,0,1,0,0,0,0,0,0,1,0,1,0,0,0,0,0,0
251,145.0,99.99,0,0,0,0,0,0,0,0,0,0,0,1,0,1,0,0,0,0,1,0,0,0
595,142.65,1.23,0,1,0,0,0,0,0,0,0,0,0,0,0,0,0,1,0,0,0,0,0,0
25433,9.95,9.95,0,0,0,0,0,0,0,1,0,0,0,0,0,1,0,0,1,0,0,1,0,0
2695,0.99,0.99,0,0,0,1,0,0,0,0,0,0,0,0,0,1,0,0,1,0,0,1,0,0
2349,3.85,3.6,0,0,0,1,0,0,0,0,0,0,0,0,0,1,0,0,1,0,1,0,0,0
4680,12.29,12.29,0,0,0,1,0,0,0,0,0,0,0,0,0,0,0,0,1,0,0,0,0,1
2349,4.51,3.6,0,0,0,1,0,0,0,0,0,0,0,0,0,1,0,0,1,0,0,0,0,0
280,24.77,24.77,1,0,0,0,0,0,0,0,0,0,0,0,0,1,1,0,0,0,0,1,0,0
2638,1.23,1.23,0,0,0,0,0,0,0,0,1,0,0,0,0,0,0,0,0,1,0,0,0,1
686,9.5,9.5,0,0,0,0,0,0,0,0,1,0,0,0,0,1,0,0,1,0,0,1,0,0
985,10.5,9.99,0,0,0,1,0,0,0,0,0,0,0,0,0,1,0,0,1,0,1,0,0,0
3277,6.27,0.99,0,0,0,0,0,0,0,0,0,0,0,1,0,1,1,0,0,0,1,0,0,0
3277,4.0,4.0,0,0,0,0,0,0,0,0,0,0,0,1,0,1,1,0,0,0,1,0,0,0
526,7.99,1.23,0,0,0,0,0,0,0,0,0,0,0,0,0,0,0,0,0,1,1,0,0,0
2349,20.5,3.6,0,0,0,1,0,0,0,0,0,0,0,0,0,1,0,0,1,0,1,0,0,0
1166,18.43,6.14,0,1,0,0,0,0,0,0,0,0,0,0,0,0,0,0,1,0,0,0,0,1
3249,27.0,0.01,0,0,0,0,0,0,0,0,1,0,0,0,0,1,0,1,0,0,0,0,0,0
104,1.23,1.23,0,0,0,0,0,0,0,0,1,0,0,0,0,0,0,0,1,0,0,0,0,0
25433,14.95,14.95,0,0,0,1,0,0,0,0,0,0,0,0,0,1,0,0,1,0,1,0,0,0
1155,8.99,8.99,0,0,0,0,0,0,1,0,0,0,0,0,0,1,0,0,1,0,1,0,0,0
1809,26.07,19.99,0,0,0,0,0,0,0,0,0,0,0,1,0,1,0,0,1,0,1,0,0,0
268,2.46,1.85,0,1,0,0,0,0,0,0,0,0,0,0,0,0,0,0,0,1,1,0,0,0
1809,3.99,3.99,0,1,0,0,0,0,0,0,0,0,0,0,0,1,0,0,1,0,1,0,0,0
3004,34.99,34.99,0,0,0,0,0,0,0,0,1,0,0,0,0,1,0,0,1,0,1,0,0,0
2349,5.01,3.6,0,0,0,1,0,0,0,0,0,0,0,0,0,1,0,0,1,0,1,0,0,0
2427,38.99,38.99,0,0,0,0,0,0,0,0,0,0,0,0,0,1,1,0,0,0,1,0,0,0
1,81.0,35.0,0,0,0,0,0,0,0,0,0,0,1,0,0,1,0,0,1,0,1,0,0,0
24,306.23,0.99,1,0,0,0,0,0,0,0,0,0,0,0,0,1,1,0,0,0,1,0,0,0
3249,4.25,0.01,0,0,0,0,0,0,0,0,1,0,0,0,0,1,0,1,0,0,0,0,0,0
320,117.5,9.99,1,0,0,0,0,0,0,0,0,0,0,0,0,1,1,0,0,0,0,1,0,0
6787,56.0,16.99,0,0,0,1,0,0,0,0,0,0,0,0,0,1,0,0,1,0,1,0,0,0
321,4.92,4.92,0,1,0,0,0,0,0,0,0,0,0,0,0,0,0,0,0,1,1,0,0,0
3277,0.99,0.99,0,0,0,0,0,0,0,0,0,0,0,1,0,1,1,0,0,0,1,0,0,0
837,18.99,18.99,0,1,0,0,0,0,0,0,0,0,0,0,0,1,1,0,0,0,1,0,0,0
865,1.23,1.23,0,0,0,0,0,0,0,0,0,0,1,0,0,0,0,0,0,1,1,0,0,0
2992,89.95,89.95,0,0,0,0,0,0,0,0,0,0,0,0,0,1,1,0,0,0,1,0,0,0
5,77.0,19.99,0,0,0,1,0,0,0,0,0,0,0,0,0,1,0,1,0,0,1,0,0,0
5701,25.62,1.23,0,0,0,0,1,0,0,0,0,0,0,0,0,0,0,0,0,1,0,0,0,0
3249,6.15,0.01,0,0,0,0,0,0,0,0,1,0,0,0,0,1,0,1,0,0,0,0,0,0
1550,2.46,1.23,0,0,0,0,1,0,0,0,0,0,0,0,0,0,0,0,1,0,1,0,0,0
88,9.83,1.78,0,0,0,1,0,0,0,0,0,0,0,0,1,0,0,0,1,0,0,0,1,0
197,17.85,5.36,0,0,0,0,0,0,0,0,1,0,0,0,1,0,0,0,1,0,0,0,1,0
2220,169.87,0.99,0,0,0,1,0,0,0,0,0,0,0,0,0,1,1,0,0,0,0,1,0,0
393,31.11,2.45,0,1,0,0,0,0,0,0,0,0,0,0,0,0,0,0,0,1,0,1,0,0
5701,25.38,1.23,0,0,0,0,0,0,0,0,0,0,1,0,0,0,0,0,0,1,1,0,0,0
5701,2.45,2.45,0,0,0,0,0,0,0,0,0,0,0,0,0,0,0,0,0,1,0,0,0,0
3249,4.4,0.01,0,0,0,0,0,0,0,0,1,0,0,0,0,1,0,1,0,0,0,0,0,0
57,820.0,650.0,0,0,0,0,0,0,0,0,0,0,0,0,0,1,0,0,1,0,1,0,0,0
3613,3.99,3.99,0,0,0,1,0,0,0,0,0,0,0,0,0,1,0,0,1,0,1,0,0,0
2286,9.95,9.95,0,0,0,0,0,0,0,0,1,0,0,0,0,1,0,0,1,0,0,0,0,0
25433,14.95,14.95,0,0,0,1,0,0,0,0,0,0,0,0,0,1,0,0,1,0,1,0,0,0
7,36.89,36.89,0,0,0,0,0,0,0,0,1,0,0,0,0,0,1,0,0,0,0,1,0,0
5701,4.43,2.45,0,0,0,0,1,0,0,0,0,0,0,0,0,0,0,0,0,1,1,0,0,0
2169,9.99,9.99,1,0,0,0,0,0,0,0,0,0,0,0,0,1,1,0,0,0,1,0,0,0
3249,1.75,0.01,0,0,0,0,0,0,0,0,1,0,0,0,0,1,0,1,0,0,0,0,0,0
632,8.91,8.91,0,0,0,0,0,0,0,0,1,0,0,0,1,0,0,0,1,0,0,0,1,0
686,6.5,6.5,0,0,0,0,0,0,0,0,1,0,0,0,0,1,0,0,1,0,0,1,0,0
1155,7.99,7.99,0,0,0,0,0,0,1,0,0,0,0,0,0,1,0,0,1,0,1,0,0,0
3249,0.1,0.01,0,0,0,0,0,0,0,0,1,0,0,0,0,1,0,1,0,0,0,0,0,0
2349,23.09,3.6,0,0,0,1,0,0,0,0,0,0,0,0,0,1,0,0,1,0,0,0,0,1
2046,19.95,19.95,0,0,0,0,0,0,0,1,0,0,0,0,0,1,0,1,0,0,1,0,0,0
5202,5.0,5.0,0,0,0,0,0,0,0,0,1,0,0,0,0,1,0,0,1,0,0,0,0,0
1166,18.43,6.14,0,1,0,0,0,0,0,0,0,0,0,0,0,0,0,0,1,0,0,0,0,1
2349,3.6,3.6,0,0,0,1,0,0,0,0,0,0,0,0,0,1,0,0,1,0,1,0,0,0
48,177.5,100.0,1,0,0,0,0,0,0,0,0,0,0,0,0,1,1,0,0,0,1,0,0,0
27132,41.57,0.99,0,0,0,0,0,0,0,0,0,0,1,0,0,1,0,1,0,0,0,0,0,0
25433,18.5,18.5,0,0,0,0,0,0,0,0,0,0,0,1,0,1,0,0,1,0,1,0,0,0
22501,15.0,15.0,0,0,0,0,0,0,0,0,0,0,0,1,0,1,0,1,0,0,0,0,0,0
2993,6.99,6.99,0,0,0,0,0,0,0,0,1,0,0,0,0,1,0,0,1,0,0,0,0,1
37,49.8,11.07,0,1,0,0,0,0,0,0,0,0,0,0,0,0,1,0,0,0,0,1,0,0
3249,7.0,0.01,0,0,0,0,0,0,0,0,1,0,0,0,0,1,0,1,0,0,0,0,0,0
1405,40.91,2.45,1,0,0,0,0,0,0,0,0,0,0,0,0,0,0,0,0,1,0,0,0,0
27132,109.0,0.99,0,0,0,0,0,0,0,0,0,0,1,0,0,1,0,1,0,0,0,0,0,0
100,1.23,1.23,1,0,0,0,0,0,0,0,0,0,0,0,0,0,0,0,0,1,1,0,0,0
6655,6.99,6.99,0,0,0,1,0,0,0,0,0,0,0,0,0,1,0,1,0,0,0,0,0,0
985,9.99,9.99,0,0,0,1,0,0,0,0,0,0,0,0,0,1,0,0,1,0,1,0,0,0
123,6.5,3.0,0,0,0,0,0,0,0,0,1,0,0,0,0,1,0,0,1,0,0,0,0,1
3249,2.8,0.01,0,0,0,0,0,0,0,0,1,0,0,0,0,1,0,1,0,0,0,0,0,0
1364,134.0,134.0,0,0,0,0,0,0,0,0,0,0,0,0,0,1,0,0,1,0,0,0,0,1
5701,1.23,1.23,0,0,0,1,0,0,0,0,0,0,0,0,0,0,0,0,0,1,1,0,0,0
812,63.0,49.99,1,0,0,0,0,0,0,0,0,0,0,0,0,1,0,0,1,0,1,0,0,0
2168,8.61,8.61,0,0,0,0,0,0,0,1,0,0,0,0,0,0,0,0,1,0,0,0,1,0
25433,18.5,18.5,0,0,0,0,0,0,0,0,0,0,0,1,0,1,0,0,1,0,1,0,0,0
3385,16.56,11.99,0,0,0,1,0,0,0,0,0,0,0,0,0,1,0,0,1,0,0,1,0,0
18,15.51,0.99,1,0,0,0,0,0,0,0,0,0,0,0,0,1,0,0,1,0,0,0,0,0
2991,55.33,0.54,0,0,0,0,0,0,0,0,1,0,0,0,1,0,0,0,1,0,0,0,1,0
105,5.16,4.45,0,0,0,0,0,0,0,0,1,0,0,0,1,0,0,0,1,0,0,0,1,0
1304,7.38,7.38,0,0,0,1,0,0,0,0,0,0,0,0,0,0,0,0,0,1,1,0,0,0
28,26.0,10.0,0,0,0,0,0,0,0,0,1,0,0,0,0,1,0,0,1,0,1,0,0,0
730,31.01,1.23,1,0,0,0,0,0,0,0,0,0,0,0,0,0,1,0,0,0,0,1,0,0
3249,3.25,0.01,0,0,0,0,0,0,0,0,1,0,0,0,0,1,0,1,0,0,0,0,0,0
841,4.25,0.99,0,0,0,0,0,0,0,0,1,0,0,0,0,1,0,1,0,0,0,0,0,0
1545,2.45,2.45,0,0,0,1,0,0,0,0,0,0,0,0,0,0,0,0,0,1,0,0,0,0
1560,256.0,9.99,0,1,0,0,0,0,0,0,0,0,0,0,0,1,0,0,1,0,0,0,0,1
2349,11.5,3.6,0,0,0,1,0,0,0,0,0,0,0,0,0,1,0,0,1,0,0,1,0,0
5017,10.49,9.99,0,0,0,0,0,0,0,0,1,0,0,0,0,1,1,0,0,0,0,1,0,0
2016,7.5,6.09,0,1,0,0,0,0,0,0,0,0,0,0,0,0,0,1,0,0,0,0,0,0
5701,3.69,2.45,0,0,0,0,1,0,0,0,0,0,0,0,0,0,0,0,0,1,1,0,0,0
536,97.15,11.07,0,0,0,0,0,0,0,0,0,0,0,0,0,0,0,0,0,1,0,0,0,1
12,18.5,5.0,0,0,0,0,0,0,0,0,0,1,0,0,0,1,0,0,1,0,0,0,0,0
1464,3.99,3.99,0,1,0,0,0,0,0,0,0,0,0,0,0,1,0,0,1,0,1,0,0,0
27132,270.0,0.99,0,0,0,0,0,0,0,0,0,0,1,0,0,1,0,1,0,0,0,0,0,0
1265,13.99,13.99,0,0,0,0,0,0,0,0,0,0,1,0,0,1,0,1,0,0,0,1,0,0
100,25.21,9.84,1,0,0,0,0,0,0,0,0,0,0,0,0,0,0,0,0,1,1,0,0,0
1647,19.59,9.95,0,0,0,0,0,0,0,0,1,0,0,0,0,1,0,1,0,0,0,0,0,0
5450,9.99,9.99,0,1,0,0,0,0,0,0,0,0,0,0,0,1,0,0,1,0,0,1,0,0
5350,2.45,2.45,1,0,0,0,0,0,0,0,0,0,0,0,0,0,0,0,1,0,0,1,0,0
105,11.6,4.44,0,0,0,0,0,0,0,0,1,0,0,0,1,0,0,0,1,0,0,0,1,0
23,1.23,1.23,0,0,0,0,0,0,0,0,0,0,0,0,0,0,0,0,0,1,1,0,0,0
534,65.29,29.95,0,0,0,0,0,0,0,0,0,0,0,1,0,1,0,0,1,0,1,0,0,0
3385,9.99,9.99,0,0,0,1,0,0,0,0,0,0,0,0,0,1,0,0,1,0,0,1,0,0
3115,0.01,0.01,0,0,0,0,0,0,0,0,0,0,0,0,0,1,0,0,1,0,0,0,0,1
2349,6.19,3.6,0,0,0,1,0,0,0,0,0,0,0,0,0,1,0,0,1,0,0,0,0,1
3864,9.59,2.99,0,1,0,0,0,0,0,0,0,0,0,0,0,1,0,0,1,0,0,0,0,0
1301,5.66,1.23,0,0,0,0,0,0,0,0,1,0,0,0,0,0,0,0,1,0,1,0,0,0
8101,10.5,9.99,1,0,0,0,0,0,0,0,0,0,0,0,0,1,1,0,0,0,1,0,0,0
865,1.23,1.23,0,1,0,0,0,0,0,0,0,0,0,0,0,0,0,1,0,0,0,1,0,0
1545,3.69,2.45,0,0,0,1,0,0,0,0,0,0,0,0,0,0,0,0,0,1,0,0,0,1
2349,18.61,3.6,0,0,0,1,0,0,0,0,0,0,0,0,0,1,0,0,1,0,1,0,0,0
216,7.5,6.0,0,0,0,0,0,0,0,0,0,0,1,0,0,1,0,0,1,0,0,1,0,0
5812,15.92,15.92,0,0,0,0,0,0,0,0,1,0,0,0,0,1,0,1,0,0,0,0,0,1
4398,5.75,5.75,0,0,0,1,0,0,0,0,0,0,0,0,0,1,0,1,0,0,0,0,0,0
124,20.29,1.23,1,0,0,0,0,0,0,0,0,0,0,0,0,0,0,0,1,0,1,0,0,0
88,71.0,9.99,0,0,0,0,0,0,0,0,0,0,0,1,0,1,0,1,0,0,0,0,0,0
434,41.5,9.99,1,0,0,0,0,0,0,0,0,0,0,0,0,1,0,0,1,0,1,0,0,0
4398,4.99,4.99,0,0,0,1,0,0,0,0,0,0,0,0,0,1,0,0,1,0,0,0,0,1
957,19.99,19.99,0,0,0,0,0,0,0,0,0,0,0,0,0,1,0,1,0,0,0,0,0,1
2349,23.15,3.6,0,0,0,1,0,0,0,0,0,0,0,0,0,1,0,0,1,0,0,1,0,0
146,115.0,115.0,0,0,0,0,0,0,0,0,0,0,0,0,0,1,0,1,0,0,1,0,0,0
25433,5.75,5.75,0,0,0,1,0,0,0,0,0,0,0,0,0,1,1,0,0,0,1,0,0,0
25433,14.95,14.95,0,0,0,1,0,0,0,0,0,0,0,0,0,1,0,0,1,0,1,0,0,0
2179,6.99,6.99,0,0,0,1,0,0,0,0,0,0,0,0,0,1,0,1,0,0,1,0,0,0
293,5.71,4.46,0,0,0,0,0,0,0,0,0,0,0,1,1,0,0,0,0,1,0,0,1,0
4457,32.0,32.0,0,0,0,0,0,0,0,0,0,0,0,0,0,1,0,0,1,0,0,0,0,0
686,9.5,9.5,0,0,0,0,0,0,0,0,1,0,0,0,0,1,0,0,1,0,0,1,0,0
2695,2.0,2.0,0,0,0,1,0,0,0,0,0,0,0,0,0,1,0,0,1,0,0,1,0,0
534,41.0,19.95,0,0,0,0,0,0,0,0,0,0,0,1,0,1,0,0,1,0,1,0,0,0
164,36.77,12.17,0,1,0,0,0,0,0,0,0,0,0,0,0,0,0,0,1,0,0,0,0,1
841,2.78,0.99,0,0,0,0,0,0,0,0,1,0,0,0,0,1,0,1,0,0,0,0,0,0
2695,0.99,0.99,0,0,0,1,0,0,0,0,0,0,0,0,0,1,0,0,1,0,0,1,0,0
2349,17.51,3.6,0,0,0,1,0,0,0,0,0,0,0,0,0,1,0,0,1,0,1,0,0,0
671,39.95,39.95,0,0,0,0,0,0,0,0,0,0,0,0,0,1,0,1,0,0,1,0,0,0
164,73.66,12.17,0,1,0,0,0,0,0,0,0,0,0,0,0,0,0,1,0,0,0,0,0,0
1180,11.6,3.57,0,0,0,0,0,0,0,1,0,0,0,0,1,0,0,0,1,0,0,0,1,0
2220,14.5,0.99,0,0,0,1,0,0,0,0,0,0,0,0,0,1,0,1,0,0,0,0,0,0
3385,2.75,2.75,0,0,0,0,0,0,0,0,0,0,0,1,0,1,0,0,1,0,0,1,0,0
2991,9.82,0.54,0,0,0,0,0,0,0,0,1,0,0,0,1,0,0,0,1,0,0,0,1,0
174,9.22,2.45,0,1,0,0,0,0,0,0,0,0,0,0,0,0,0,0,0,1,1,0,0,0
3115,0.01,0.01,0,0,0,0,0,0,0,0,0,0,0,0,0,1,0,0,1,0,0,0,0,1
841,0.99,0.99,0,0,0,0,0,0,0,0,1,0,0,0,0,1,0,1,0,0,0,0,0,0
686,22.67,6.5,0,0,0,0,0,0,0,0,1,0,0,0,0,1,0,0,1,0,0,1,0,0
2349,9.0,3.6,0,0,0,1,0,0,0,0,0,0,0,0,0,1,0,0,1,0,0,0,0,0
1139,8.55,8.55,0,0,0,0,0,0,0,1,0,0,0,0,0,0,0,1,0,0,1,0,0,0
534,19.45,14.95,0,0,0,0,0,0,0,0,0,0,0,1,0,1,0,0,1,0,1,0,0,0
149,1.77,1.77,0,1,0,0,0,0,0,0,0,0,0,0,1,0,0,0,1,0,0,0,1,0
841,3.2,0.99,0,0,0,0,0,0,0,0,1,0,0,0,0,1,0,1,0,0,0,0,0,0
2349,4.81,3.6,0,0,0,1,0,0,0,0,0,0,0,0,0,1,0,0,1,0,1,0,0,0
1349,11.07,11.07,0,1,0,0,0,0,0,0,0,0,0,0,0,0,0,0,1,0,0,0,1,0
3277,7.0,0.99,0,0,0,0,0,0,0,0,0,0,0,1,0,1,1,0,0,0,1,0,0,0
3004,40.0,34.99,0,0,0,0,0,0,0,0,1,0,0,0,0,1,0,0,1,0,1,0,0,0
32,730.47,1.23,0,0,0,0,0,0,0,0,0,0,0,0,0,0,0,0,1,0,0,0,0,0
2991,2.57,1.77,1,0,0,0,0,0,0,0,0,0,0,0,1,0,0,0,1,0,0,0,1,0
2349,3.85,3.6,0,0,0,1,0,0,0,0,0,0,0,0,0,1,0,0,1,0,1,0,0,0
1100,86.0,9.99,0,1,0,0,0,0,0,0,0,0,0,0,0,1,1,0,0,0,1,0,0,0
5811,14.92,14.92,0,0,0,0,0,0,0,0,1,0,0,0,0,1,1,0,0,0,0,1,0,0
3249,10.5,0.01,0,0,0,0,0,0,0,0,1,0,0,0,0,1,0,1,0,0,0,0,0,0
1310,6.85,6.15,0,0,0,1,0,0,0,0,0,0,0,0,0,0,0,1,0,0,1,0,0,0
1364,85.0,85.0,0,0,0,0,0,0,0,0,0,0,0,0,0,1,0,1,0,0,1,0,0,0
2349,31.76,3.6,0,0,0,1,0,0,0,0,0,0,0,0,0,1,0,0,1,0,0,0,0,0
3004,44.01,34.99,0,0,0,0,0,0,0,0,1,0,0,0,0,1,0,0,1,0,1,0,0,0
3385,2.75,2.75,0,0,0,0,0,0,0,0,0,0,0,1,0,1,0,0,1,0,0,1,0,0
2168,41.2,11.07,0,0,0,0,0,0,0,1,0,0,0,0,0,0,0,0,1,0,0,0,0,1
2349,3.6,3.6,0,0,0,1,0,0,0,0,0,0,0,0,0,1,0,0,1,0,0,0,0,1
3385,8.99,8.99,0,0,0,0,0,0,0,0,0,0,0,1,0,1,0,0,1,0,0,1,0,0
2046,9.01,7.5,0,0,0,1,0,0,0,0,0,0,0,0,0,1,0,1,0,0,1,0,0,0
3385,2.24,1.99,0,0,0,0,0,0,0,0,0,0,0,1,0,1,0,0,1,0,0,1,0,0
164,55.95,12.17,0,1,0,0,0,0,0,0,0,0,0,0,0,0,0,1,0,0,0,0,0,0
359,20.39,9.99,0,0,0,1,0,0,0,0,0,0,0,0,0,1,0,0,1,0,0,0,0,1
359,66.0,9.99,0,0,0,1,0,0,0,0,0,0,0,0,0,1,0,0,1,0,0,0,0,0
30,0.7,0.7,0,1,0,0,0,0,0,0,0,0,0,0,0,1,0,0,1,0,0,0,0,0
595,37.51,1.23,0,1,0,0,0,0,0,0,0,0,0,0,0,0,0,0,1,0,0,0,0,0
9003,5.24,4.99,0,0,0,0,0,0,0,0,1,0,0,0,0,1,0,0,1,0,0,0,0,0
53,3.02,1.77,1,0,0,0,0,0,0,0,0,0,0,0,1,0,0,0,1,0,0,0,1,0
2349,13.26,3.6,0,0,0,1,0,0,0,0,0,0,0,0,0,1,0,0,1,0,0,0,0,1
1550,1.84,1.23,0,0,0,0,1,0,0,0,0,0,0,0,0,0,0,0,1,0,1,0,0,0
3249,5.52,0.01,0,0,0,0,0,0,0,0,1,0,0,0,0,1,0,1,0,0,0,0,0,0
1550,1.23,1.23,0,0,0,1,0,0,0,0,0,0,0,0,0,0,0,0,1,0,0,0,0,0
25433,14.95,14.95,0,0,0,0,0,0,0,1,0,0,0,0,0,1,0,0,1,0,1,0,0,0
1364,30.95,30.95,0,0,0,0,0,0,0,0,0,0,0,0,0,1,0,1,0,0,1,0,0,0
3385,4.0,2.75,0,0,0,0,0,0,0,0,0,0,0,1,0,1,0,0,1,0,0,1,0,0
2992,89.95,89.95,0,0,0,0,0,0,0,0,0,0,0,0,0,1,1,0,0,0,1,0,0,0
3004,34.99,34.99,0,0,0,0,0,0,0,0,1,0,0,0,0,1,0,0,1,0,1,0,0,0
1405,17.83,2.45,1,0,0,0,0,0,0,0,0,0,0,0,0,0,0,0,0,1,0,0,0,0
109,21.71,11.99,0,0,0,0,0,0,1,0,0,0,0,0,0,1,0,1,0,0,0,0,0,0
1574,26.07,9.95,0,0,0,0,0,1,0,0,0,0,0,0,0,1,0,0,1,0,0,0,0,0
1545,5.53,2.45,0,0,0,1,0,0,0,0,0,0,0,0,0,0,0,0,0,1,0,0,0,1
146,89.95,89.95,0,0,0,0,0,0,0,0,0,0,0,0,0,1,1,0,0,0,1,0,0,0
27132,111.95,0.99,0,0,0,0,0,0,0,0,0,0,1,0,0,1,0,1,0,0,0,0,0,0
2046,7.5,7.5,0,0,0,1,0,0,0,0,0,0,0,0,0,1,0,1,0,0,1,0,0,0
519,22.14,1.23,0,1,0,0,0,0,0,0,0,0,0,0,0,0,0,0,1,0,1,0,0,0
3249,3.84,0.01,0,0,0,0,0,0,0,0,1,0,0,0,0,1,0,1,0,0,0,0,0,0
1029,3.03,1.43,0,0,0,0,0,0,0,0,1,0,0,0,1,0,0,0,1,0,0,0,1,0
97,290.0,290.0,0,0,0,0,0,0,0,0,0,0,0,0,0,1,1,0,0,0,1,0,0,0
2991,2.16,0.54,0,0,0,0,0,0,0,0,0,0,0,1,1,0,0,0,1,0,0,0,1,0
590,797.0,9.95,0,0,0,1,0,0,0,0,0,0,0,0,0,1,0,0,0,1,1,0,0,0
534,14.99,14.99,0,0,0,0,0,0,0,0,0,0,0,1,0,1,0,0,1,0,1,0,0,0
1364,89.95,89.95,0,0,0,0,0,0,0,0,0,0,0,0,0,1,0,1,0,0,1,0,0,0
105,4.8,4.44,0,0,0,0,0,0,0,0,1,0,0,0,1,0,0,0,1,0,0,0,1,0
1853,4.3,3.69,0,0,0,0,0,0,0,0,1,0,0,0,0,0,0,0,1,0,1,0,0,0
3004,34.99,34.99,0,0,0,0,0,0,0,0,1,0,0,0,0,1,0,0,1,0,1,0,0,0
1402,3.07,3.07,1,0,0,0,0,0,0,0,0,0,0,0,0,0,0,0,1,0,1,0,0,0
5180,9.95,9.95,0,0,0,0,0,0,0,0,0,0,1,0,0,1,0,0,1,0,1,0,0,0
27132,30.99,0.99,0,0,0,0,0,0,0,0,0,0,1,0,0,1,0,1,0,0,0,0,0,0
25433,34.95,34.95,0,0,0,1,0,0,0,0,0,0,0,0,0,1,0,1,0,0,1,0,0,0
166,21.33,6.0,0,0,0,1,0,0,0,0,0,0,0,0,0,1,0,1,0,0,1,0,0,0
27132,105.5,0.99,0,0,0,0,0,0,0,0,0,0,1,0,0,1,0,1,0,0,0,0,0,0
3385,5.5,2.99,0,0,0,1,0,0,0,0,0,0,0,0,0,1,0,0,1,0,0,1,0,0
1635,87.31,1.23,1,0,0,0,0,0,0,0,0,0,0,0,0,0,0,0,0,1,1,0,0,0
704,32.03,24.99,0,0,0,1,0,0,0,0,0,0,0,0,0,1,0,0,1,0,0,0,0,0
809,5.99,5.99,0,0,0,0,0,0,0,0,0,0,0,1,0,1,1,0,0,0,0,1,0,0
5450,9.99,9.99,0,1,0,0,0,0,0,0,0,0,0,0,0,1,0,0,1,0,0,1,0,0
1155,8.99,8.99,0,0,0,0,0,0,1,0,0,0,0,0,0,1,0,0,1,0,0,0,0,0
2459,4.24,2.99,0,0,0,0,0,0,1,0,0,0,0,0,0,1,0,0,1,0,0,1,0,0
5257,10.99,10.99,0,0,0,1,0,0,0,0,0,0,0,0,0,1,1,0,0,0,1,0,0,0
3057,1.23,1.23,0,0,0,0,0,0,0,0,1,0,0,0,0,0,0,0,0,1,0,0,0,0
2427,38.99,38.99,0,0,0,0,0,0,0,0,0,0,0,0,0,1,1,0,0,0,1,0,0,0
2349,17.1,3.6,0,0,0,1,0,0,0,0,0,0,0,0,0,1,0,0,1,0,0,0,0,1
2349,6.01,3.6,0,0,0,1,0,0,0,0,0,0,0,0,0,1,0,0,1,0,0,0,0,1
10067,21.0,21.0,0,0,0,0,0,0,0,0,0,0,0,0,0,1,1,0,0,0,1,0,0,0
3246,67.95,67.95,0,0,0,0,0,0,0,0,0,0,0,0,0,1,1,0,0,0,0,1,0,0
320,124.5,9.99,1,0,0,0,0,0,0,0,0,0,0,0,0,1,1,0,0,0,0,1,0,0
10067,12.5,12.5,0,0,0,0,0,0,0,0,0,0,0,0,0,1,1,0,0,0,0,1,0,0
1256,9.99,9.99,0,0,0,1,0,0,0,0,0,0,0,0,0,1,0,0,1,0,1,0,0,0
2349,4.36,3.6,0,0,0,1,0,0,0,0,0,0,0,0,0,1,0,0,1,0,1,0,0,0
1365,18.38,6.09,0,1,0,0,0,0,0,0,0,0,0,0,0,0,0,0,0,1,0,0,0,1
2349,3.6,3.6,0,0,0,1,0,0,0,0,0,0,0,0,0,1,0,0,1,0,1,0,0,0
15,3.09,1.23,0,1,0,0,0,0,0,0,0,0,0,0,0,0,0,0,0,1,1,0,0,0
1155,5.99,5.99,0,0,0,0,0,0,1,0,0,0,0,0,0,1,0,0,1,0,1,0,0,0
1029,1.25,1.25,0,0,0,0,0,0,0,0,1,0,0,0,1,0,0,0,1,0,0,0,1,0
2349,33.89,3.6,0,0,0,1,0,0,0,0,0,0,0,0,0,1,0,0,0,1,0,0,0,0
541,15.5,8.99,0,0,0,1,0,0,0,0,0,0,0,0,0,1,0,0,1,0,1,0,0,0
1405,9.99,9.99,1,0,0,0,0,0,0,0,0,0,0,0,0,1,0,1,0,0,0,0,0,0
618,9.84,9.84,0,0,0,1,0,0,0,0,0,0,0,0,0,0,0,0,1,0,0,0,0,0
686,6.5,6.5,0,0,0,0,0,0,0,0,1,0,0,0,0,1,0,0,1,0,0,1,0,0
1163,24.99,24.99,0,0,0,0,0,0,0,0,0,0,0,0,0,1,0,0,1,0,0,0,0,1
4457,35.0,35.0,0,0,0,0,0,0,0,0,0,0,0,0,0,1,0,0,1,0,0,0,0,1
1922,6.99,6.99,0,0,0,0,0,0,0,0,0,0,0,0,0,1,0,1,0,0,0,0,0,0
164,49.07,12.18,0,1,0,0,0,0,0,0,0,0,0,0,0,0,0,1,0,0,0,0,0,0
4283,23.5,19.99,0,0,0,0,0,0,0,0,0,0,1,0,0,1,0,1,0,0,0,0,0,0
541,9.99,9.99,0,0,0,0,0,0,0,0,0,0,0,0,0,1,0,0,1,0,1,0,0,0
69,245.95,1.23,0,0,0,0,1,0,0,0,0,0,0,0,0,0,0,0,1,0,0,0,0,0
3385,29.95,29.95,0,0,0,0,0,0,0,0,0,0,0,1,0,1,0,0,1,0,0,1,0,0
27132,127.5,0.99,0,0,0,0,0,0,0,0,0,0,1,0,0,1,0,1,0,0,0,0,0,0
34343,0.11,0.01,0,0,0,0,0,0,0,0,0,0,1,0,0,1,0,0,0,0,1,0,0,0
410,1.23,1.23,0,1,0,0,0,0,0,0,0,0,0,0,0,0,0,1,0,0,0,0,0,0
2016,9.16,9.16,0,1,0,0,0,0,0,0,0,0,0,0,0,0,0,0,1,0,0,1,0,0
3249,0.01,0.01,0,0,0,0,0,0,0,0,1,0,0,0,0,1,0,1,0,0,0,0,0,0
2168,24.53,12.23,0,0,0,0,0,0,0,1,0,0,0,0,0,0,0,1,0,0,0,0,0,0
3385,9.99,9.99,0,0,0,0,0,0,0,0,0,0,0,1,0,1,0,0,1,0,0,1,0,0
3385,6.05,4.99,0,0,0,0,0,0,0,0,0,0,0,1,0,1,0,0,1,0,0,1,0,0
3385,3.75,3.75,0,0,0,0,0,0,0,0,0,0,0,1,0,1,0,0,1,0,0,1,0,0
27132,113.86,0.99,0,0,0,0,0,0,0,0,0,0,1,0,0,1,0,1,0,0,0,0,0,0
671,44.95,44.95,0,0,0,0,0,0,0,0,0,0,0,0,0,1,0,1,0,0,1,0,0,0
2179,6.99,6.99,0,0,0,1,0,0,0,0,0,0,0,0,0,1,0,1,0,0,1,0,0,0
22501,20.5,16.0,0,0,0,0,0,0,0,0,0,0,0,1,0,1,0,1,0,0,0,0,0,0
25433,6.99,6.99,0,0,0,1,0,0,0,0,0,0,0,0,0,1,0,0,1,0,0,1,0,0
3385,2.75,2.75,0,0,0,0,0,0,0,0,0,0,0,1,0,1,0,0,1,0,0,1,0,0
1155,4.99,4.99,0,0,0,0,0,0,1,0,0,0,0,0,0,1,0,0,1,0,1,0,0,0
5701,15.97,3.68,0,0,0,0,0,0,0,0,0,0,1,0,0,0,0,0,0,1,0,0,0,1
638,2.99,2.99,0,1,0,0,0,0,0,0,0,0,0,0,0,1,1,0,0,0,0,1,0,0
993,99.99,99.99,0,0,0,0,0,0,0,0,0,0,0,0,0,1,0,0,1,0,0,1,0,0
134,280.0,0.99,0,0,0,0,0,0,0,0,0,0,1,0,0,1,0,0,0,0,1,0,0,0
1647,18.86,9.95,0,0,0,0,0,0,0,0,1,0,0,0,0,1,0,1,0,0,0,0,0,0
814,11.99,11.99,0,0,0,0,0,1,0,0,0,0,0,0,0,1,1,0,0,0,1,0,0,0
2046,7.5,7.5,0,0,0,1,0,0,0,0,0,0,0,0,0,1,0,1,0,0,1,0,0,0
5701,11.07,1.23,0,0,0,0,0,0,0,0,1,0,0,0,0,0,0,0,0,1,1,0,0,0
105,4.44,4.44,0,0,0,0,0,0,0,0,1,0,0,0,1,0,0,0,1,0,0,0,1,0
299,6.15,3.68,0,1,0,0,0,0,0,0,0,0,0,0,0,0,0,0,1,0,0,0,1,0
1124,2.5,2.0,0,0,0,0,0,0,0,1,0,0,0,0,0,1,1,0,0,0,1,0,0,0
37,17.83,1.23,0,1,0,0,0,0,0,0,0,0,0,0,0,0,1,0,0,0,0,0,1,0
10067,21.0,21.0,0,0,0,0,0,0,0,0,0,0,0,0,0,1,1,0,0,0,1,0,0,0
71,17.85,3.55,0,0,0,0,0,0,0,0,0,1,0,0,1,0,0,0,1,0,0,0,1,0
1365,12.24,12.24,0,1,0,0,0,0,0,0,0,0,0,0,0,0,0,0,0,1,0,0,1,0
1515,1.23,1.23,0,0,0,0,0,0,0,0,1,0,0,0,0,0,0,0,1,0,0,0,0,0
77,4.82,1.77,0,1,0,0,0,0,0,0,0,0,0,0,1,0,0,0,1,0,0,0,1,0
14,971.0,9.99,0,0,0,0,0,0,0,0,0,1,0,0,0,1,0,1,0,0,0,1,0,0
119,860.0,0.01,0,0,0,1,0,0,0,0,0,0,0,0,0,1,0,0,0,1,0,1,0,0
3375,12.3,12.3,0,1,0,0,0,0,0,0,0,0,0,0,0,0,0,0,0,1,0,0,1,0
1375,25.0,9.99,0,0,0,0,0,0,0,0,0,0,0,1,0,1,0,0,1,0,0,1,0,0
1853,6.15,6.15,0,0,0,1,0,0,0,0,0,0,0,0,0,0,0,0,1,0,1,0,0,0
2731,3.57,2.66,0,1,0,0,0,0,0,0,0,0,0,0,1,0,0,0,1,0,0,0,1,0
18,12.91,5.53,0,0,0,0,0,0,0,0,0,0,1,0,0,0,0,1,0,0,0,0,0,0
3385,11.99,11.99,0,0,0,1,0,0,0,0,0,0,0,0,0,1,0,0,1,0,0,1,0,0
1,22.0,0.01,0,0,0,1,0,0,0,0,0,0,0,0,0,1,0,1,0,0,1,0,0,0
56,75.01,1.23,1,0,0,0,0,0,0,0,0,0,0,0,0,0,0,0,1,0,1,0,0,0
320,560.0,9.99,0,0,0,0,0,0,0,0,0,1,0,0,0,1,1,0,0,0,1,0,0,0
133,22.76,8.99,0,0,0,0,0,0,0,0,1,0,0,0,0,1,0,1,0,0,0,0,0,0
25433,14.95,14.95,0,0,0,0,0,0,0,1,0,0,0,0,0,1,0,0,1,0,1,0,0,0
1179,26.92,1.23,0,0,0,1,0,0,0,0,0,0,0,0,0,0,0,0,0,1,1,0,0,0
686,6.5,6.5,0,0,0,0,0,0,0,0,1,0,0,0,0,1,0,0,1,0,0,1,0,0
686,13.0,6.5,0,0,0,0,0,0,0,0,1,0,0,0,0,1,0,0,1,0,0,1,0,0
269,14.72,1.23,0,0,0,0,0,0,0,0,0,0,0,1,0,0,0,0,0,1,0,0,0,1
508,12.91,1.23,0,0,0,0,0,0,0,0,0,0,0,1,0,0,0,0,1,0,1,0,0,0
5827,2.45,2.45,0,0,0,0,0,0,0,0,0,0,0,1,0,0,0,0,0,1,1,0,0,0
4390,3.99,3.99,0,0,0,1,0,0,0,0,0,0,0,0,0,1,0,0,1,0,0,0,0,0
30,270.55,1.23,0,0,0,0,1,0,0,0,0,0,0,0,0,0,1,0,0,0,1,0,0,0
5701,1.23,1.23,1,0,0,0,0,0,0,0,0,0,0,0,0,0,0,0,0,1,1,0,0,0
2349,9.11,3.6,0,0,0,1,0,0,0,0,0,0,0,0,0,1,0,0,1,0,0,0,0,1
118,11.96,1.77,0,0,0,0,0,0,0,0,0,0,1,0,1,0,0,0,1,0,0,0,1,0
632,11.96,8.91,0,0,0,0,0,0,0,0,1,0,0,0,1,0,0,0,1,0,0,0,1,0
212,1.99,1.99,0,0,0,0,0,1,0,0,0,0,0,0,0,1,0,0,1,0,1,0,0,0
5564,9.95,9.95,0,0,1,0,0,0,0,0,0,0,0,0,0,1,0,0,1,0,0,0,0,0
957,9.99,9.99,0,0,0,0,0,0,0,0,0,0,0,0,0,1,0,1,0,0,0,0,0,1
9003,10.55,7.49,0,0,0,0,0,0,0,0,1,0,0,0,0,1,0,0,1,0,1,0,0,0
216,9.99,9.99,0,0,0,0,0,0,0,0,0,0,1,0,0,1,0,0,1,0,0,1,0,0
3385,11.99,11.99,0,0,0,1,0,0,0,0,0,0,0,0,0,1,0,0,1,0,0,1,0,0
18,9.82,2.68,0,0,0,1,0,0,0,0,0,0,0,0,1,0,0,0,1,0,0,0,1,0
415,26.3,1.23,0,1,0,0,0,0,0,0,0,0,0,0,0,0,0,0,0,1,0,1,0,0
2046,17.95,17.95,0,0,0,0,0,0,0,1,0,0,0,0,0,1,0,0,1,0,1,0,0,0
3249,10.0,0.01,0,0,0,0,0,0,0,0,1,0,0,0,0,1,0,1,0,0,0,0,0,0
1,26.0,0.01,0,0,0,1,0,0,0,0,0,0,0,0,0,1,0,1,0,0,0,0,0,1
2349,10.5,3.6,0,0,0,1,0,0,0,0,0,0,0,0,0,1,0,0,1,0,0,0,0,1
996,15.99,2.45,0,0,0,0,0,0,0,0,0,0,0,1,0,0,0,0,1,0,0,0,0,1
627,56.57,11.07,0,0,1,0,0,0,0,0,0,0,0,0,0,0,0,0,0,1,0,0,0,1
3385,5.02,3.75,0,0,0,0,0,0,0,0,0,0,0,1,0,1,0,0,1,0,0,1,0,0
595,39.97,1.23,0,1,0,0,0,0,0,0,0,0,0,0,0,0,0,0,1,0,0,0,0,0
2427,33.95,33.95,0,0,0,0,0,0,0,0,0,0,0,0,0,1,1,0,0,0,1,0,0,0
2046,7.5,7.5,0,0,0,1,0,0,0,0,0,0,0,0,0,1,0,1,0,0,1,0,0,0
534,154.23,79.99,0,0,0,0,0,0,0,0,0,0,0,1,0,1,0,0,1,0,1,0,0,0
1853,1.23,1.23,0,0,0,1,0,0,0,0,0,0,0,0,0,0,0,0,0,1,0,0,0,1
4390,6.99,6.99,0,0,0,1,0,0,0,0,0,0,0,0,0,1,0,0,1,0,1,0,0,0
